Hour,0,1,2,3,4,5,6,7,8,9
0.019444444444444445,1.8,50.0,50.0,0.0,0.0,50.0,7.2,7.2,7.2,7.2
0.03611111111111111,1.8,50.0,50.0,1.8,7.2,50.0,7.2,7.2,7.2,7.2
0.05277777777777778,1.8,50.0,50.0,1.8,7.2,50.0,7.2,7.2,7.2,7.2
0.06944444444444445,1.8,50.0,50.0,1.8,7.2,50.0,7.2,7.2,7.2,7.2
0.08611111111111111,1.8,50.0,50.0,1.8,7.2,50.0,7.2,7.2,7.2,7.2
0.10277777777777777,1.8,50.0,50.0,1.8,7.2,50.0,7.2,7.2,7.2,7.2
0.11944444444444445,1.8,50.0,50.0,1.8,7.2,50.0,7.2,7.2,7.2,7.2
0.1361111111111111,1.8,50.0,50.0,1.8,7.2,50.0,7.2,7.2,7.2,7.2
0.1527777777777778,1.8,50.0,50.0,1.8,7.2,50.0,7.2,7.2,7.2,7.2
0.16944444444444445,1.8,50.0,50.0,1.8,7.2,50.0,7.2,7.2,7.2,7.2
0.18611111111111112,1.8,50.0,50.0,1.8,7.2,50.0,7.2,7.2,7.2,7.2
0.20277777777777778,1.8,50.0,50.0,1.8,7.2,50.0,7.2,7.2,7.2,7.2
0.21944444444444444,1.8,50.0,50.0,1.8,7.2,50.0,7.2,7.2,7.2,7.2
0.2361111111111111,1.8,50.0,50.0,1.8,7.2,50.0,7.2,7.2,7.2,7.2
0.25277777777777777,1.8,50.0,50.0,1.8,7.2,50.0,7.2,7.2,7.2,7.2
0.26944444444444443,1.8,50.0,50.0,1.8,7.2,50.0,7.2,7.2,7.2,7.2
0.2861111111111111,1.8,50.0,50.0,1.8,7.2,7.2,7.2,7.2,7.2,7.2
0.30277777777777776,1.8,50.0,50.0,1.8,7.2,7.2,7.2,7.2,7.2,7.2
0.3194444444444444,1.8,50.0,50.0,1.8,7.2,7.2,7.2,7.2,7.2,7.2
0.33611111111111114,1.8,50.0,50.0,1.8,7.2,7.2,7.2,7.2,7.2,7.2
0.3527777777777778,1.8,50.0,50.0,1.8,7.2,7.2,7.2,7.2,7.2,7.2
0.36944444444444446,1.8,50.0,50.0,1.8,7.2,7.2,7.2,7.2,7.2,7.2
0.3861111111111111,1.8,50.0,50.0,1.8,7.2,7.2,7.2,7.2,7.2,7.2
0.4027777777777778,1.8,50.0,50.0,1.8,7.2,7.2,7.2,7.2,7.2,7.2
0.41944444444444445,1.8,50.0,50.0,1.8,7.2,7.2,7.2,7.2,7.2,7.2
0.4361111111111111,1.8,50.0,50.0,1.8,7.2,7.2,7.2,7.2,7.2,7.2
0.4527777777777778,1.8,50.0,50.0,1.8,7.2,7.2,7.2,7.2,7.2,7.2
0.46944444444444444,1.8,50.0,50.0,1.8,7.2,7.2,7.2,7.2,7.2,7.2
0.4861111111111111,1.8,50.0,50.0,1.8,7.2,7.2,7.2,7.2,7.2,7.2
0.5027777777777778,1.8,50.0,50.0,1.8,7.2,7.2,7.2,7.2,7.2,7.2
0.5194444444444445,1.8,50.0,50.0,1.8,7.2,7.2,7.2,7.2,7.2,7.2
0.5361111111111111,1.8,50.0,50.0,1.8,7.2,7.2,7.2,7.2,7.2,7.2
0.5527777777777778,1.8,50.0,50.0,1.8,7.2,7.2,7.2,7.2,7.2,7.2
0.5694444444444444,1.8,50.0,50.0,1.8,7.2,7.2,7.2,7.2,7.2,7.2
0.5861111111111111,1.8,50.0,50.0,1.8,7.2,7.2,7.2,7.2,7.2,7.2
0.6027777777777777,1.8,50.0,50.0,1.8,7.2,7.2,7.2,7.2,7.2,7.2
0.6194444444444445,1.8,50.0,50.0,1.8,7.2,7.2,7.2,7.2,7.2,7.2
0.6361111111111111,1.8,50.0,50.0,1.8,7.2,7.2,7.2,7.2,7.2,7.2
0.6527777777777778,1.8,50.0,50.0,1.8,7.2,7.2,7.2,7.2,7.2,7.2
0.6694444444444444,1.8,50.0,50.0,1.8,7.2,7.2,7.2,7.2,7.2,7.2
0.6861111111111111,1.8,50.0,50.0,1.8,7.2,7.2,7.2,7.2,7.2,7.2
0.7027777777777777,1.8,50.0,50.0,1.8,7.2,7.2,7.2,7.2,7.2,7.2
0.7194444444444444,1.8,50.0,50.0,1.8,7.2,7.2,7.2,7.2,7.2,7.2
0.7361111111111112,1.8,50.0,50.0,1.8,7.2,7.2,7.2,7.2,7.2,7.2
0.7527777777777778,1.8,50.0,50.0,1.8,7.2,7.2,7.2,7.2,7.2,7.2
0.7694444444444445,1.8,50.0,50.0,1.8,7.2,7.2,7.2,7.2,7.2,7.2
0.7861111111111111,1.8,50.0,50.0,1.8,7.2,7.2,7.2,7.2,7.2,7.2
0.8027777777777778,1.8,50.0,50.0,1.8,7.2,7.2,7.2,7.2,7.2,7.2
0.8194444444444444,1.8,50.0,50.0,1.8,7.2,7.2,7.2,7.2,7.2,7.2
0.8361111111111111,1.8,50.0,50.0,1.8,7.2,7.2,7.2,7.2,7.2,7.2
0.8527777777777777,1.8,50.0,50.0,1.8,7.2,7.2,7.2,7.2,7.2,7.2
0.8694444444444445,1.8,50.0,50.0,1.8,7.2,7.2,7.2,7.2,7.2,7.2
0.8861111111111111,1.8,50.0,7.2,1.8,7.2,7.2,7.2,7.2,7.2,7.2
0.9027777777777778,1.8,50.0,7.2,1.8,7.2,7.2,7.2,7.2,7.2,7.2
0.9194444444444444,1.8,50.0,7.2,1.8,7.2,7.2,7.2,7.2,7.2,7.2
0.9361111111111111,1.8,50.0,7.2,1.8,7.2,7.2,7.2,7.2,7.2,7.2
0.9527777777777777,1.8,50.0,7.2,1.8,7.2,7.2,7.2,7.2,7.2,7.2
0.9694444444444444,1.8,1.8,7.2,1.8,7.2,7.2,7.2,7.2,7.2,7.2
0.9861111111111112,1.8,1.8,7.2,1.8,7.2,7.2,7.2,7.2,7.2,7.2
1.0027777777777778,1.8,1.8,7.2,1.8,7.2,7.2,7.2,7.2,7.2,7.2
1.0194444444444444,1.8,1.8,7.2,1.8,7.2,7.2,7.2,7.2,7.2,7.2
1.0361111111111112,1.8,1.8,7.2,1.8,7.2,7.2,7.2,7.2,7.2,7.2
1.0527777777777778,1.8,1.8,7.2,1.8,7.2,7.2,7.2,7.2,7.2,7.2
1.0694444444444444,1.8,1.8,7.2,1.8,7.2,7.2,7.2,7.2,7.2,7.2
1.086111111111111,1.8,1.8,7.2,1.8,7.2,7.2,7.2,7.2,7.2,7.2
1.1027777777777779,1.8,1.8,7.2,1.8,7.2,7.2,7.2,7.2,7.2,7.2
1.1194444444444445,1.8,1.8,7.2,1.8,7.2,7.2,7.2,7.2,7.2,7.2
1.136111111111111,1.8,1.8,7.2,1.8,7.2,7.2,7.2,7.2,7.2,7.2
1.1527777777777777,1.8,1.8,7.2,1.8,7.2,7.2,7.2,7.2,7.2,7.2
1.1694444444444445,1.8,1.8,7.2,1.8,7.2,7.2,7.2,7.2,7.2,7.2
1.1861111111111111,1.8,1.8,7.2,1.8,7.2,7.2,7.2,7.2,7.2,7.2
1.2027777777777777,1.8,1.8,7.2,1.8,7.2,7.2,7.2,7.2,7.2,7.2
1.2194444444444446,1.8,1.8,7.2,1.8,7.2,7.2,7.2,7.2,7.2,7.2
1.2361111111111112,1.8,1.8,7.2,1.8,7.2,7.2,7.2,7.2,7.2,7.2
1.2527777777777778,1.8,1.8,7.2,1.8,7.2,7.2,7.2,7.2,7.2,7.2
1.2694444444444444,1.8,1.8,7.2,1.8,7.2,7.2,7.2,7.2,7.2,7.2
1.2861111111111112,1.8,1.8,7.2,1.8,7.2,7.2,7.2,7.2,7.2,7.2
1.3027777777777778,1.8,1.8,7.2,1.8,7.2,7.2,7.2,7.2,7.2,7.2
1.3194444444444444,1.8,1.8,7.2,1.8,7.2,7.2,7.2,7.2,7.2,7.2
1.336111111111111,1.8,1.8,7.2,1.8,7.2,7.2,7.2,7.2,7.2,7.2
1.3527777777777779,1.8,1.8,7.2,1.8,7.2,7.2,7.2,7.2,7.2,7.2
1.3694444444444445,1.8,1.8,7.2,1.8,7.2,7.2,7.2,7.2,7.2,7.2
1.386111111111111,1.8,1.8,7.2,1.8,7.2,7.2,7.2,7.2,7.2,7.2
1.4027777777777777,1.8,1.8,7.2,1.8,7.2,7.2,7.2,7.2,7.2,7.2
1.4194444444444445,1.8,1.8,7.2,1.8,7.2,7.2,7.2,7.2,7.2,7.2
1.4361111111111111,1.8,1.8,7.2,1.8,7.2,7.2,7.2,7.2,7.2,7.2
1.4527777777777777,1.8,1.8,7.2,1.8,7.2,7.2,7.2,7.2,7.2,7.2
1.4694444444444446,1.8,1.8,7.2,1.8,7.2,7.2,7.2,7.2,7.2,7.2
1.4861111111111112,1.8,1.8,7.2,1.8,7.2,7.2,7.2,7.2,7.2,7.2
1.5027777777777778,1.8,1.8,7.2,1.8,7.2,7.2,7.2,7.2,7.2,7.2
1.5194444444444444,1.8,1.8,7.2,1.8,7.2,7.2,7.2,7.2,7.2,7.2
1.5361111111111112,1.8,1.8,7.2,1.8,7.2,7.2,7.2,7.2,7.2,7.2
1.5527777777777778,1.8,1.8,7.2,1.8,7.2,7.2,7.2,7.2,7.2,7.2
1.5694444444444444,1.8,1.8,7.2,1.8,7.2,7.2,7.2,7.2,7.2,7.2
1.586111111111111,1.8,1.8,7.2,1.8,7.2,7.2,7.2,7.2,7.2,7.2
1.6027777777777779,1.8,1.8,7.2,1.8,7.2,7.2,7.2,7.2,7.2,7.2
1.6194444444444445,1.8,1.8,7.2,1.8,7.2,7.2,7.2,7.2,7.2,7.2
1.636111111111111,1.8,1.8,7.2,1.8,7.2,7.2,7.2,7.2,7.2,7.2
1.6527777777777777,1.8,1.8,7.2,1.8,7.2,7.2,7.2,7.2,7.2,7.2
1.6694444444444445,1.8,1.8,7.2,1.8,7.2,7.2,7.2,7.2,7.2,7.2
1.6861111111111111,1.8,1.8,7.2,1.8,7.2,7.2,7.2,7.2,7.2,7.2
1.7027777777777777,1.8,1.8,7.2,1.8,7.2,7.2,7.2,7.2,7.2,7.2
1.7194444444444446,1.8,1.8,7.2,1.8,7.2,7.2,7.2,7.2,7.2,7.2
1.7361111111111112,1.8,1.8,7.2,1.8,7.2,7.2,7.2,7.2,7.2,7.2
1.7527777777777778,1.8,1.8,7.2,1.8,7.2,7.2,7.2,7.2,7.2,7.2
1.7694444444444444,1.8,1.8,7.2,1.8,7.2,7.2,7.2,7.2,7.2,7.2
1.7861111111111112,1.8,1.8,7.2,1.8,7.2,7.2,7.2,7.2,7.2,7.2
1.8027777777777778,1.8,1.8,7.2,1.8,7.2,7.2,7.2,7.2,7.2,7.2
1.8194444444444444,1.8,1.8,7.2,1.8,7.2,7.2,7.2,7.2,7.2,7.2
1.836111111111111,1.8,1.8,7.2,1.8,7.2,7.2,7.2,7.2,7.2,7.2
1.8527777777777779,1.8,1.8,7.2,1.8,7.2,7.2,7.2,7.2,7.2,7.2
1.8694444444444445,1.8,1.8,7.2,1.8,7.2,7.2,7.2,7.2,7.2,7.2
1.886111111111111,1.8,1.8,7.2,1.8,7.2,7.2,7.2,7.2,7.2,7.2
1.9027777777777777,1.8,1.8,7.2,1.8,7.2,7.2,7.2,7.2,7.2,7.2
1.9194444444444445,1.8,1.8,7.2,1.8,7.2,7.2,7.2,7.2,7.2,7.2
1.9361111111111111,1.8,1.8,7.2,1.8,7.2,7.2,7.2,7.2,7.2,7.2
1.9527777777777777,1.8,1.8,7.2,1.8,7.2,7.2,7.2,7.2,7.2,7.2
1.9694444444444446,1.8,1.8,7.2,1.8,7.2,7.2,7.2,7.2,7.2,7.2
1.9861111111111112,1.8,1.8,7.2,1.8,7.2,7.2,7.2,7.2,7.2,7.2
2.0027777777777778,1.8,1.8,7.2,1.8,7.2,7.2,7.2,7.2,7.2,7.2
2.0194444444444444,1.8,1.8,7.2,1.8,7.2,7.2,7.2,7.2,7.2,7.2
2.036111111111111,1.8,1.8,7.2,1.8,7.2,7.2,7.2,7.2,7.2,7.2
2.0527777777777776,1.8,1.8,7.2,1.8,7.2,7.2,7.2,7.2,7.2,7.2
2.0694444444444446,1.8,1.8,7.2,1.8,7.2,7.2,7.2,7.2,7.2,7.2
2.0861111111111112,1.8,1.8,7.2,1.8,7.2,7.2,7.2,7.2,7.2,7.2
2.102777777777778,1.8,1.8,7.2,1.8,7.2,7.2,7.2,7.2,7.2,7.2
2.1194444444444445,1.8,1.8,7.2,1.8,7.2,7.2,7.2,7.2,7.2,7.2
2.136111111111111,1.8,1.8,7.2,1.8,7.2,7.2,7.2,7.2,7.2,7.2
2.1527777777777777,1.8,1.8,7.2,1.8,7.2,7.2,7.2,7.2,7.2,7.2
2.1694444444444443,1.8,1.8,7.2,1.8,7.2,7.2,7.2,7.2,7.2,7.2
2.186111111111111,1.8,1.8,7.2,1.8,7.2,7.2,7.2,7.2,7.2,7.2
2.202777777777778,1.8,1.8,7.2,1.8,7.2,7.2,7.2,7.2,7.2,7.2
2.2194444444444446,1.8,1.8,7.2,1.8,7.2,7.2,7.2,7.2,7.2,7.2
2.236111111111111,1.8,1.8,7.2,1.8,7.2,7.2,7.2,7.2,7.2,7.2
2.2527777777777778,1.8,1.8,7.2,1.8,7.2,7.2,7.2,7.2,7.2,7.2
2.2694444444444444,1.8,1.8,7.2,1.8,7.2,7.2,7.2,7.2,7.2,7.2
2.286111111111111,1.8,1.8,7.2,1.8,7.2,7.2,7.2,7.2,7.2,7.2
2.3027777777777776,1.8,1.8,7.2,1.8,7.2,7.2,7.2,7.2,7.2,7.2
2.3194444444444446,1.8,1.8,7.2,1.8,7.2,7.2,7.2,7.2,7.2,7.2
2.3361111111111112,1.8,1.8,7.2,1.8,7.2,7.2,7.2,7.2,7.2,7.2
2.352777777777778,1.8,1.8,7.2,1.8,7.2,7.2,7.2,7.2,7.2,7.2
2.3694444444444445,1.8,1.8,7.2,1.8,7.2,7.2,7.2,7.2,7.2,7.2
2.386111111111111,1.8,1.8,7.2,1.8,7.2,7.2,7.2,7.2,7.2,7.2
2.4027777777777777,1.8,1.8,7.2,1.8,7.2,7.2,7.2,7.2,7.2,7.2
2.4194444444444443,1.8,1.8,7.2,1.8,7.2,7.2,7.2,7.2,7.2,7.2
2.436111111111111,1.8,1.8,7.2,1.8,7.2,7.2,7.2,7.2,7.2,7.2
2.452777777777778,1.8,1.8,7.2,1.8,7.2,7.2,7.2,7.2,7.2,7.2
2.4694444444444446,1.8,1.8,7.2,1.8,7.2,7.2,7.2,7.2,7.2,7.2
2.486111111111111,1.8,1.8,7.2,1.8,7.2,7.2,7.2,7.2,7.2,7.2
2.5027777777777778,1.8,1.8,7.2,1.8,7.2,7.2,7.2,7.2,7.2,7.2
2.5194444444444444,1.8,1.8,7.2,1.8,7.2,7.2,7.2,7.2,7.2,7.2
2.536111111111111,1.8,1.8,7.2,1.8,7.2,7.2,7.2,7.2,7.2,7.2
2.5527777777777776,1.8,1.8,7.2,1.8,7.2,7.2,7.2,7.2,7.2,7.2
2.5694444444444446,1.8,1.8,7.2,1.8,7.2,7.2,7.2,7.2,7.2,7.2
2.5861111111111112,1.8,1.8,7.2,1.8,7.2,7.2,7.2,7.2,7.2,7.2
2.602777777777778,1.8,1.8,7.2,1.8,7.2,7.2,7.2,7.2,7.2,7.2
2.6194444444444445,1.8,1.8,7.2,1.8,7.2,7.2,7.2,7.2,7.2,7.2
2.636111111111111,1.8,1.8,7.2,1.8,7.2,7.2,7.2,7.2,7.2,7.2
2.6527777777777777,1.8,1.8,7.2,1.8,7.2,7.2,7.2,7.2,7.2,7.2
2.6694444444444443,1.8,1.8,7.2,1.8,7.2,7.2,7.2,7.2,7.2,7.2
2.686111111111111,1.8,1.8,7.2,1.8,7.2,7.2,7.2,7.2,7.2,7.2
2.702777777777778,1.8,1.8,7.2,1.8,7.2,7.2,7.2,7.2,7.2,7.2
2.7194444444444446,1.8,1.8,7.2,1.8,7.2,7.2,7.2,7.2,7.2,7.2
2.736111111111111,1.8,1.8,7.2,1.8,7.2,7.2,7.2,7.2,7.2,7.2
2.7527777777777778,1.8,1.8,7.2,1.8,7.2,7.2,7.2,7.2,7.2,7.2
2.7694444444444444,1.8,1.8,7.2,1.8,7.2,7.2,7.2,7.2,7.2,7.2
2.786111111111111,1.8,1.8,7.2,1.8,7.2,7.2,7.2,7.2,7.2,7.2
2.8027777777777776,1.8,1.8,7.2,1.8,7.2,7.2,7.2,7.2,7.2,7.2
2.8194444444444446,1.8,1.8,7.2,1.8,7.2,7.2,7.2,7.2,7.2,7.2
2.8361111111111112,1.8,1.8,7.2,1.8,7.2,7.2,7.2,7.2,7.2,7.2
2.852777777777778,1.8,1.8,7.2,1.8,7.2,7.2,7.2,7.2,7.2,7.2
2.8694444444444445,1.8,1.8,7.2,1.8,7.2,7.2,7.2,7.2,7.2,7.2
2.886111111111111,1.8,1.8,7.2,1.8,7.2,7.2,7.2,7.2,7.2,7.2
2.9027777777777777,1.8,1.8,7.2,1.8,7.2,7.2,7.2,7.2,7.2,7.2
2.9194444444444443,1.8,1.8,7.2,1.8,7.2,7.2,7.2,7.2,7.2,7.2
2.936111111111111,1.8,1.8,7.2,1.8,7.2,7.2,7.2,7.2,7.2,7.2
2.952777777777778,1.8,1.8,7.2,1.8,7.2,7.2,7.2,7.2,7.2,7.2
2.9694444444444446,1.8,1.8,7.2,1.8,7.2,7.2,7.2,7.2,7.2,7.2
2.986111111111111,1.8,1.8,7.2,1.8,7.2,7.2,7.2,7.2,7.2,7.2
3.0027777777777778,1.8,1.8,7.2,1.8,7.2,7.2,7.2,7.2,7.2,7.2
3.0194444444444444,1.8,1.8,7.2,1.8,7.2,7.2,7.2,7.2,7.2,7.2
3.036111111111111,1.8,1.8,7.2,1.8,7.2,7.2,7.2,7.2,7.2,7.2
3.0527777777777776,1.8,1.8,7.2,1.8,7.2,7.2,7.2,7.2,7.2,7.2
3.0694444444444446,1.8,1.8,7.2,1.8,7.2,7.2,7.2,7.2,7.2,7.2
3.0861111111111112,1.8,1.8,7.2,1.8,7.2,7.2,7.2,7.2,7.2,7.2
3.102777777777778,1.8,1.8,7.2,1.8,7.2,7.2,7.2,7.2,7.2,7.2
3.1194444444444445,1.8,1.8,7.2,1.8,7.2,7.2,7.2,7.2,7.2,7.2
3.136111111111111,1.8,1.8,7.2,1.8,7.2,7.2,7.2,7.2,7.2,7.2
3.1527777777777777,1.8,1.8,7.2,1.8,7.2,7.2,7.2,7.2,7.2,7.2
3.1694444444444443,1.8,1.8,7.2,1.8,7.2,7.2,7.2,7.2,7.2,7.2
3.186111111111111,1.8,1.8,7.2,1.8,7.2,7.2,7.2,7.2,7.2,7.2
3.202777777777778,1.8,1.8,7.2,1.8,7.2,7.2,7.2,7.2,7.2,7.2
3.2194444444444446,1.8,1.8,7.2,1.8,7.2,7.2,7.2,7.2,7.2,7.2
3.236111111111111,1.8,1.8,7.2,1.8,7.2,7.2,7.2,7.2,7.2,7.2
3.2527777777777778,1.8,1.8,7.2,1.8,7.2,7.2,7.2,7.2,7.2,7.2
3.2694444444444444,1.8,1.8,7.2,1.8,7.2,7.2,7.2,7.2,7.2,7.2
3.286111111111111,1.8,1.8,7.2,1.8,7.2,7.2,7.2,7.2,7.2,7.2
3.3027777777777776,1.8,1.8,7.2,1.8,7.2,7.2,7.2,7.2,7.2,7.2
3.3194444444444446,1.8,1.8,7.2,1.8,7.2,7.2,7.2,7.2,7.2,7.2
3.3361111111111112,1.8,1.8,7.2,1.8,7.2,7.2,7.2,7.2,7.2,7.2
3.352777777777778,1.8,1.8,7.2,1.8,7.2,7.2,7.2,7.2,7.2,7.2
3.3694444444444445,1.8,1.8,7.2,1.8,7.2,7.2,7.2,7.2,7.2,7.2
3.386111111111111,1.8,1.8,7.2,1.8,7.2,7.2,7.2,7.2,7.2,7.2
3.4027777777777777,1.8,1.8,7.2,1.8,7.2,7.2,7.2,7.2,7.2,7.2
3.4194444444444443,1.8,1.8,7.2,1.8,7.2,7.2,7.2,7.2,7.2,7.2
3.436111111111111,1.8,1.8,7.2,1.8,7.2,7.2,7.2,7.2,7.2,7.2
3.452777777777778,1.8,1.8,7.2,1.8,7.2,7.2,7.2,7.2,7.2,7.2
3.4694444444444446,1.8,1.8,7.2,1.8,7.2,7.2,7.2,7.2,7.2,7.2
3.486111111111111,1.8,1.8,7.2,1.8,7.2,7.2,7.2,7.2,7.2,7.2
3.5027777777777778,1.8,1.8,7.2,1.8,7.2,7.2,7.2,7.2,7.2,7.2
3.5194444444444444,1.8,1.8,7.2,1.8,7.2,7.2,7.2,7.2,7.2,7.2
3.536111111111111,1.8,1.8,7.2,1.8,7.2,7.2,7.2,7.2,7.2,7.2
3.5527777777777776,1.8,1.8,7.2,1.8,7.2,7.2,7.2,7.2,7.2,7.2
3.5694444444444446,1.8,1.8,7.2,1.8,7.2,7.2,7.2,7.2,7.2,7.2
3.5861111111111112,1.8,1.8,7.2,1.8,7.2,7.2,7.2,7.2,7.2,7.2
3.602777777777778,1.8,1.8,7.2,1.8,7.2,7.2,7.2,7.2,7.2,7.2
3.6194444444444445,1.8,1.8,7.2,1.8,7.2,7.2,7.2,7.2,7.2,7.2
3.636111111111111,1.8,1.8,7.2,1.8,7.2,7.2,7.2,7.2,7.2,7.2
3.6527777777777777,1.8,1.8,7.2,1.8,7.2,7.2,7.2,7.2,7.2,7.2
3.6694444444444443,1.8,1.8,7.2,1.8,7.2,7.2,7.2,7.2,7.2,7.2
3.686111111111111,1.8,1.8,7.2,1.8,7.2,7.2,7.2,7.2,7.2,7.2
3.702777777777778,1.8,1.8,7.2,1.8,7.2,7.2,7.2,7.2,7.2,7.2
3.7194444444444446,1.8,1.8,7.2,1.8,7.2,7.2,7.2,7.2,7.2,7.2
3.736111111111111,1.8,1.8,7.2,1.8,7.2,7.2,7.2,7.2,7.2,7.2
3.7527777777777778,1.8,1.8,7.2,1.8,7.2,7.2,7.2,7.2,7.2,7.2
3.7694444444444444,1.8,1.8,7.2,1.8,7.2,7.2,7.2,7.2,7.2,7.2
3.786111111111111,1.8,1.8,7.2,1.8,7.2,7.2,7.2,7.2,7.2,7.2
3.8027777777777776,1.8,1.8,7.2,1.8,7.2,7.2,7.2,7.2,7.2,7.2
3.8194444444444446,1.8,1.8,7.2,1.8,7.2,7.2,7.2,7.2,7.2,7.2
3.8361111111111112,1.8,1.8,7.2,1.8,7.2,7.2,7.2,7.2,7.2,7.2
3.852777777777778,1.8,1.8,7.2,1.8,7.2,7.2,7.2,7.2,7.2,7.2
3.8694444444444445,1.8,1.8,7.2,1.8,50.0,7.2,7.2,7.2,7.2,7.2
3.886111111111111,1.8,1.8,7.2,1.8,50.0,7.2,7.2,7.2,7.2,7.2
3.9027777777777777,1.8,1.8,7.2,1.8,50.0,7.2,7.2,7.2,7.2,7.2
3.9194444444444443,1.8,1.8,7.2,1.8,50.0,7.2,7.2,7.2,7.2,7.2
3.936111111111111,1.8,1.8,7.2,1.8,50.0,7.2,7.2,7.2,7.2,7.2
3.952777777777778,1.8,1.8,7.2,1.8,50.0,7.2,7.2,7.2,7.2,7.2
3.9694444444444446,1.8,1.8,7.2,1.8,50.0,7.2,7.2,7.2,7.2,7.2
3.986111111111111,1.8,1.8,7.2,1.8,50.0,7.2,7.2,7.2,7.2,7.2
4.002777777777778,1.8,1.8,7.2,1.8,50.0,7.2,7.2,7.2,7.2,7.2
4.019444444444445,1.8,1.8,7.2,1.8,50.0,7.2,7.2,7.2,7.2,7.2
4.036111111111111,1.8,1.8,7.2,1.8,50.0,7.2,7.2,7.2,7.2,7.2
4.052777777777778,1.8,1.8,7.2,1.8,50.0,7.2,7.2,7.2,7.2,7.2
4.069444444444445,1.8,1.8,7.2,1.8,50.0,7.2,7.2,7.2,7.2,7.2
4.086111111111111,1.8,1.8,7.2,1.8,50.0,7.2,7.2,7.2,7.2,7.2
4.102777777777778,1.8,1.8,7.2,1.8,50.0,7.2,7.2,7.2,7.2,7.2
4.1194444444444445,1.8,1.8,7.2,1.8,50.0,7.2,7.2,7.2,7.2,7.2
4.136111111111111,1.8,1.8,7.2,1.8,50.0,7.2,7.2,7.2,7.2,7.2
4.152777777777778,1.8,1.8,7.2,1.8,50.0,7.2,7.2,7.2,7.2,7.2
4.169444444444444,1.8,1.8,7.2,1.8,50.0,7.2,7.2,7.2,7.2,7.2
4.186111111111111,1.8,1.8,7.2,1.8,50.0,7.2,7.2,7.2,7.2,7.2
4.2027777777777775,1.8,1.8,7.2,1.8,50.0,7.2,7.2,7.2,7.2,7.2
4.219444444444444,1.8,1.8,7.2,1.8,50.0,7.2,7.2,7.2,7.2,7.2
4.236111111111111,1.8,1.8,7.2,1.8,50.0,7.2,7.2,7.2,7.2,7.2
4.252777777777778,1.8,1.8,7.2,1.8,50.0,7.2,7.2,7.2,7.2,7.2
4.269444444444445,1.8,1.8,7.2,1.8,50.0,7.2,7.2,7.2,7.2,7.2
4.286111111111111,1.8,1.8,7.2,1.8,50.0,7.2,7.2,7.2,7.2,7.2
4.302777777777778,1.8,1.8,7.2,1.8,50.0,7.2,7.2,7.2,7.2,7.2
4.319444444444445,1.8,1.8,7.2,1.8,50.0,7.2,7.2,7.2,7.2,7.2
4.336111111111111,1.8,1.8,7.2,1.8,50.0,7.2,7.2,7.2,7.2,7.2
4.352777777777778,1.8,1.8,7.2,1.8,50.0,7.2,7.2,7.2,7.2,7.2
4.3694444444444445,1.8,1.8,7.2,1.8,50.0,7.2,7.2,7.2,7.2,7.2
4.386111111111111,1.8,1.8,7.2,1.8,50.0,7.2,7.2,7.2,7.2,7.2
4.402777777777778,1.8,1.8,7.2,1.8,50.0,7.2,7.2,7.2,7.2,7.2
4.419444444444444,1.8,1.8,7.2,1.8,50.0,7.2,7.2,7.2,7.2,7.2
4.436111111111111,1.8,1.8,7.2,1.8,50.0,7.2,7.2,7.2,7.2,7.2
4.4527777777777775,1.8,1.8,7.2,1.8,7.2,7.2,7.2,7.2,7.2,7.2
4.469444444444444,1.8,1.8,7.2,1.8,7.2,7.2,7.2,7.2,7.2,7.2
4.486111111111111,1.8,1.8,7.2,1.8,7.2,7.2,7.2,7.2,7.2,7.2
4.502777777777778,1.8,1.8,7.2,1.8,7.2,7.2,7.2,7.2,7.2,7.2
4.519444444444445,1.8,1.8,7.2,1.8,7.2,7.2,7.2,7.2,7.2,7.2
4.536111111111111,1.8,1.8,7.2,1.8,7.2,7.2,7.2,7.2,7.2,7.2
4.552777777777778,1.8,1.8,7.2,1.8,7.2,7.2,7.2,7.2,7.2,7.2
4.569444444444445,1.8,1.8,7.2,1.8,7.2,7.2,7.2,7.2,7.2,7.2
4.586111111111111,1.8,1.8,7.2,1.8,7.2,7.2,7.2,7.2,7.2,7.2
4.602777777777778,1.8,1.8,7.2,1.8,7.2,7.2,7.2,7.2,7.2,7.2
4.6194444444444445,1.8,1.8,7.2,1.8,7.2,7.2,7.2,7.2,7.2,7.2
4.636111111111111,1.8,1.8,7.2,1.8,7.2,7.2,7.2,7.2,7.2,7.2
4.652777777777778,1.8,1.8,7.2,1.8,7.2,7.2,7.2,7.2,7.2,7.2
4.669444444444444,1.8,1.8,7.2,1.8,7.2,7.2,7.2,7.2,7.2,7.2
4.686111111111111,1.8,1.8,7.2,1.8,7.2,7.2,7.2,7.2,7.2,7.2
4.7027777777777775,1.8,1.8,7.2,1.8,7.2,7.2,7.2,7.2,7.2,7.2
4.719444444444444,1.8,1.8,7.2,1.8,7.2,7.2,7.2,7.2,7.2,7.2
4.736111111111111,1.8,1.8,7.2,1.8,7.2,7.2,7.2,7.2,7.2,7.2
4.752777777777778,1.8,1.8,7.2,1.8,7.2,7.2,7.2,7.2,7.2,7.2
4.769444444444445,1.8,1.8,7.2,1.8,7.2,7.2,7.2,7.2,7.2,7.2
4.786111111111111,1.8,1.8,7.2,1.8,7.2,7.2,7.2,7.2,7.2,7.2
4.802777777777778,1.8,1.8,7.2,1.8,7.2,7.2,7.2,7.2,7.2,7.2
4.819444444444445,1.8,1.8,7.2,1.8,7.2,7.2,7.2,7.2,7.2,7.2
4.836111111111111,1.8,1.8,7.2,1.8,7.2,7.2,7.2,7.2,7.2,7.2
4.852777777777778,1.8,1.8,7.2,1.8,7.2,7.2,7.2,7.2,7.2,7.2
4.8694444444444445,1.8,1.8,7.2,1.8,7.2,1.8,7.2,7.2,7.2,7.2
4.886111111111111,1.8,1.8,7.2,1.8,7.2,1.8,7.2,7.2,7.2,7.2
4.902777777777778,1.8,1.8,7.2,1.8,7.2,1.8,7.2,7.2,7.2,7.2
4.919444444444444,1.8,1.8,7.2,1.8,7.2,1.8,7.2,7.2,7.2,7.2
4.936111111111111,1.8,1.8,7.2,1.8,7.2,1.8,7.2,7.2,7.2,7.2
4.9527777777777775,1.8,1.8,7.2,1.8,7.2,1.8,7.2,7.2,7.2,7.2
4.969444444444444,1.8,1.8,7.2,1.8,7.2,1.8,7.2,7.2,7.2,7.2
4.986111111111111,1.8,1.8,7.2,1.8,7.2,1.8,7.2,7.2,7.2,7.2
5.002777777777778,1.8,1.8,7.2,1.8,7.2,1.8,7.2,7.2,7.2,7.2
5.019444444444445,1.8,1.8,7.2,1.8,7.2,1.8,7.2,7.2,7.2,7.2
5.036111111111111,1.8,1.8,7.2,1.8,7.2,1.8,7.2,7.2,7.2,7.2
5.052777777777778,1.8,1.8,7.2,1.8,7.2,1.8,7.2,7.2,7.2,7.2
5.069444444444445,1.8,1.8,7.2,1.8,7.2,1.8,7.2,7.2,7.2,7.2
5.086111111111111,1.8,1.8,7.2,1.8,7.2,1.8,7.2,7.2,7.2,7.2
5.102777777777778,1.8,1.8,7.2,1.8,7.2,1.8,7.2,7.2,7.2,7.2
5.1194444444444445,1.8,1.8,7.2,1.8,7.2,1.8,7.2,7.2,7.2,7.2
5.136111111111111,1.8,1.8,7.2,1.8,7.2,1.8,7.2,7.2,7.2,7.2
5.152777777777778,1.8,1.8,7.2,1.8,7.2,1.8,7.2,7.2,7.2,7.2
5.169444444444444,1.8,1.8,7.2,1.8,7.2,1.8,7.2,7.2,7.2,7.2
5.186111111111111,1.8,1.8,7.2,1.8,7.2,1.8,7.2,7.2,7.2,7.2
5.2027777777777775,1.8,1.8,7.2,1.8,7.2,1.8,7.2,7.2,7.2,7.2
5.219444444444444,1.8,1.8,7.2,1.8,7.2,1.8,7.2,7.2,7.2,7.2
5.236111111111111,1.8,1.8,7.2,1.8,7.2,1.8,7.2,7.2,7.2,7.2
5.252777777777778,1.8,1.8,7.2,1.8,7.2,1.8,7.2,7.2,7.2,7.2
5.269444444444445,1.8,1.8,7.2,1.8,7.2,1.8,7.2,7.2,7.2,7.2
5.286111111111111,1.8,1.8,7.2,1.8,7.2,1.8,7.2,7.2,7.2,7.2
5.302777777777778,1.8,1.8,7.2,1.8,7.2,1.8,7.2,7.2,7.2,7.2
5.319444444444445,1.8,1.8,7.2,1.8,7.2,1.8,7.2,7.2,7.2,7.2
5.336111111111111,1.8,1.8,7.2,1.8,7.2,1.8,7.2,7.2,7.2,7.2
5.352777777777778,1.8,1.8,7.2,1.8,7.2,1.8,7.2,7.2,7.2,7.2
5.3694444444444445,1.8,1.8,7.2,1.8,7.2,1.8,7.2,7.2,7.2,7.2
5.386111111111111,1.8,1.8,7.2,1.8,7.2,1.8,7.2,7.2,7.2,7.2
5.402777777777778,1.8,1.8,7.2,1.8,7.2,1.8,7.2,7.2,7.2,7.2
5.419444444444444,1.8,1.8,7.2,1.8,7.2,1.8,7.2,7.2,7.2,7.2
5.436111111111111,1.8,1.8,7.2,1.8,7.2,1.8,7.2,7.2,7.2,7.2
5.4527777777777775,1.8,1.8,7.2,1.8,7.2,1.8,7.2,7.2,7.2,1.8
5.469444444444444,1.8,1.8,7.2,1.8,7.2,1.8,7.2,7.2,7.2,1.8
5.486111111111111,1.8,1.8,7.2,1.8,7.2,1.8,7.2,7.2,7.2,1.8
5.502777777777778,1.8,1.8,7.2,1.8,7.2,1.8,7.2,7.2,7.2,1.8
5.519444444444445,1.8,1.8,7.2,1.8,7.2,1.8,7.2,7.2,7.2,1.8
5.536111111111111,1.8,1.8,7.2,1.8,7.2,1.8,7.2,7.2,7.2,1.8
5.552777777777778,1.8,1.8,7.2,1.8,7.2,1.8,7.2,7.2,7.2,1.8
5.569444444444445,1.8,1.8,7.2,1.8,7.2,1.8,7.2,7.2,7.2,1.8
5.586111111111111,1.8,1.8,7.2,1.8,7.2,1.8,7.2,7.2,7.2,1.8
5.602777777777778,1.8,1.8,7.2,1.8,7.2,1.8,7.2,7.2,7.2,1.8
5.6194444444444445,1.8,1.8,7.2,1.8,7.2,1.8,1.8,7.2,7.2,1.8
5.636111111111111,1.8,1.8,7.2,1.8,7.2,1.8,1.8,7.2,7.2,1.8
5.652777777777778,1.8,1.8,7.2,1.8,7.2,1.8,1.8,7.2,7.2,1.8
5.669444444444444,1.8,1.8,7.2,1.8,7.2,1.8,1.8,7.2,7.2,1.8
5.686111111111111,1.8,1.8,7.2,1.8,7.2,1.8,1.8,7.2,7.2,1.8
5.7027777777777775,1.8,1.8,7.2,1.8,7.2,1.8,1.8,7.2,7.2,1.8
5.719444444444444,1.8,1.8,7.2,1.8,7.2,1.8,1.8,7.2,7.2,1.8
5.736111111111111,1.8,1.8,7.2,1.8,7.2,1.8,1.8,7.2,7.2,1.8
5.752777777777778,1.8,1.8,7.2,1.8,7.2,1.8,1.8,7.2,7.2,1.8
5.769444444444445,1.8,1.8,7.2,1.8,7.2,1.8,1.8,7.2,7.2,1.8
5.786111111111111,1.8,1.8,7.2,1.8,7.2,1.8,1.8,7.2,7.2,1.8
5.802777777777778,1.8,1.8,7.2,1.8,7.2,1.8,1.8,7.2,7.2,1.8
5.819444444444445,1.8,1.8,7.2,1.8,7.2,1.8,1.8,7.2,7.2,1.8
5.836111111111111,1.8,1.8,7.2,1.8,7.2,1.8,1.8,7.2,7.2,1.8
5.852777777777778,1.8,1.8,7.2,1.8,7.2,1.8,1.8,7.2,7.2,1.8
5.8694444444444445,1.8,1.8,7.2,1.8,7.2,1.8,1.8,7.2,7.2,1.8
5.886111111111111,1.8,1.8,7.2,1.8,7.2,1.8,1.8,7.2,7.2,1.8
5.902777777777778,1.8,1.8,7.2,1.8,7.2,1.8,1.8,7.2,7.2,1.8
5.919444444444444,1.8,1.8,7.2,1.8,7.2,1.8,1.8,7.2,7.2,1.8
5.936111111111111,1.8,1.8,7.2,1.8,7.2,1.8,1.8,7.2,7.2,1.8
5.9527777777777775,1.8,1.8,7.2,1.8,7.2,1.8,1.8,7.2,7.2,1.8
5.969444444444444,1.8,1.8,7.2,1.8,7.2,1.8,1.8,7.2,7.2,1.8
5.986111111111111,1.8,1.8,7.2,1.8,7.2,1.8,1.8,7.2,7.2,1.8
6.002777777777778,1.8,1.8,7.2,1.8,7.2,1.8,1.8,7.2,7.2,1.8
6.019444444444445,1.8,1.8,7.2,1.8,7.2,1.8,1.8,7.2,7.2,1.8
6.036111111111111,1.8,1.8,7.2,1.8,7.2,1.8,1.8,7.2,7.2,1.8
6.052777777777778,1.8,1.8,7.2,1.8,7.2,1.8,1.8,7.2,7.2,1.8
6.069444444444445,1.8,1.8,7.2,1.8,7.2,1.8,1.8,7.2,7.2,1.8
6.086111111111111,1.8,1.8,7.2,1.8,7.2,1.8,1.8,7.2,7.2,1.8
6.102777777777778,1.8,1.8,7.2,1.8,7.2,1.8,1.8,7.2,7.2,1.8
6.1194444444444445,1.8,1.8,7.2,1.8,7.2,1.8,1.8,7.2,7.2,1.8
6.136111111111111,1.8,1.8,7.2,1.8,7.2,1.8,1.8,7.2,7.2,1.8
6.152777777777778,1.8,1.8,7.2,1.8,7.2,1.8,1.8,7.2,7.2,1.8
6.169444444444444,1.8,1.8,7.2,1.8,7.2,1.8,1.8,7.2,7.2,1.8
6.186111111111111,1.8,1.8,7.2,1.8,7.2,1.8,1.8,7.2,7.2,1.8
6.2027777777777775,1.8,1.8,7.2,1.8,7.2,1.8,1.8,7.2,7.2,1.8
6.219444444444444,1.8,1.8,7.2,1.8,7.2,1.8,1.8,7.2,7.2,1.8
6.236111111111111,1.8,1.8,7.2,1.8,7.2,1.8,1.8,7.2,7.2,1.8
6.252777777777778,1.8,1.8,7.2,1.8,7.2,1.8,1.8,7.2,7.2,1.8
6.269444444444445,1.8,1.8,7.2,1.8,7.2,1.8,1.8,7.2,7.2,1.8
6.286111111111111,1.8,1.8,7.2,1.8,7.2,1.8,1.8,7.2,7.2,1.8
6.302777777777778,1.8,1.8,7.2,1.8,7.2,1.8,1.8,7.2,7.2,1.8
6.319444444444445,1.8,1.8,7.2,1.8,7.2,1.8,1.8,7.2,7.2,1.8
6.336111111111111,1.8,1.8,7.2,1.8,7.2,1.8,1.8,7.2,7.2,1.8
6.352777777777778,1.8,1.8,7.2,1.8,7.2,1.8,1.8,7.2,7.2,1.8
6.3694444444444445,1.8,1.8,7.2,1.8,7.2,1.8,1.8,7.2,7.2,1.8
6.386111111111111,1.8,1.8,7.2,1.8,7.2,1.8,1.8,7.2,7.2,1.8
6.402777777777778,1.8,1.8,7.2,1.8,7.2,1.8,1.8,7.2,7.2,1.8
6.419444444444444,1.8,1.8,7.2,1.8,7.2,1.8,1.8,7.2,7.2,1.8
6.436111111111111,1.8,1.8,7.2,1.8,7.2,1.8,1.8,7.2,7.2,1.8
6.4527777777777775,1.8,1.8,7.2,1.8,7.2,1.8,1.8,7.2,7.2,1.8
6.469444444444444,1.8,1.8,7.2,1.8,7.2,1.8,1.8,1.8,7.2,1.8
6.486111111111111,1.8,1.8,7.2,1.8,7.2,1.8,1.8,1.8,7.2,1.8
6.502777777777778,1.8,1.8,7.2,1.8,7.2,1.8,1.8,1.8,7.2,1.8
6.519444444444445,1.8,1.8,7.2,1.8,7.2,1.8,1.8,1.8,7.2,1.8
6.536111111111111,1.8,1.8,7.2,1.8,7.2,1.8,1.8,1.8,7.2,1.8
6.552777777777778,1.8,1.8,7.2,1.8,7.2,1.8,1.8,1.8,7.2,1.8
6.569444444444445,1.8,1.8,7.2,1.8,7.2,1.8,1.8,1.8,7.2,1.8
6.586111111111111,1.8,1.8,7.2,1.8,7.2,1.8,1.8,1.8,7.2,1.8
6.602777777777778,1.8,1.8,7.2,1.8,7.2,1.8,1.8,1.8,7.2,1.8
6.6194444444444445,1.8,1.8,7.2,1.8,7.2,1.8,1.8,1.8,7.2,1.8
6.636111111111111,1.8,1.8,7.2,1.8,7.2,1.8,1.8,1.8,7.2,1.8
6.652777777777778,1.8,1.8,7.2,1.8,7.2,1.8,1.8,1.8,7.2,1.8
6.669444444444444,1.8,1.8,7.2,1.8,7.2,1.8,1.8,1.8,7.2,1.8
6.686111111111111,1.8,1.8,7.2,1.8,7.2,1.8,1.8,1.8,7.2,1.8
6.7027777777777775,1.8,1.8,7.2,1.8,7.2,1.8,1.8,1.8,7.2,1.8
6.719444444444444,1.8,1.8,7.2,1.8,7.2,1.8,1.8,1.8,7.2,1.8
6.736111111111111,1.8,1.8,7.2,1.8,7.2,1.8,1.8,1.8,7.2,1.8
6.752777777777778,1.8,1.8,7.2,1.8,7.2,1.8,1.8,1.8,7.2,1.8
6.769444444444445,1.8,1.8,7.2,1.8,7.2,1.8,1.8,1.8,7.2,1.8
6.786111111111111,1.8,1.8,7.2,1.8,7.2,1.8,1.8,1.8,7.2,1.8
6.802777777777778,1.8,1.8,7.2,1.8,7.2,1.8,1.8,1.8,7.2,1.8
6.819444444444445,1.8,1.8,7.2,1.8,7.2,1.8,1.8,1.8,7.2,1.8
6.836111111111111,1.8,1.8,7.2,1.8,7.2,1.8,1.8,1.8,7.2,1.8
6.852777777777778,1.8,1.8,7.2,1.8,7.2,1.8,1.8,1.8,7.2,1.8
6.8694444444444445,1.8,1.8,7.2,1.8,7.2,1.8,1.8,1.8,7.2,1.8
6.886111111111111,1.8,1.8,7.2,1.8,7.2,1.8,1.8,1.8,7.2,1.8
6.902777777777778,1.8,1.8,7.2,1.8,7.2,1.8,1.8,1.8,7.2,1.8
6.919444444444444,1.8,1.8,1.8,1.8,7.2,1.8,1.8,1.8,7.2,1.8
6.936111111111111,1.8,1.8,1.8,1.8,7.2,1.8,1.8,1.8,7.2,1.8
6.9527777777777775,1.8,1.8,1.8,1.8,7.2,1.8,1.8,1.8,7.2,1.8
6.969444444444444,1.8,1.8,1.8,1.8,7.2,1.8,1.8,1.8,7.2,1.8
6.986111111111111,1.8,1.8,1.8,1.8,7.2,1.8,1.8,1.8,7.2,1.8
7.002777777777778,1.8,1.8,1.8,1.8,7.2,1.8,1.8,1.8,7.2,1.8
7.019444444444445,1.8,1.8,1.8,1.8,7.2,1.8,1.8,1.8,7.2,1.8
7.036111111111111,1.8,1.8,1.8,1.8,7.2,1.8,1.8,1.8,7.2,1.8
7.052777777777778,1.8,1.8,1.8,1.8,7.2,1.8,1.8,1.8,7.2,1.8
7.069444444444445,1.8,1.8,1.8,1.8,7.2,1.8,1.8,1.8,7.2,1.8
7.086111111111111,1.8,1.8,1.8,1.8,7.2,1.8,1.8,1.8,7.2,1.8
7.102777777777778,1.8,1.8,1.8,1.8,7.2,1.8,1.8,1.8,7.2,1.8
7.1194444444444445,1.8,1.8,1.8,1.8,7.2,1.8,1.8,1.8,7.2,1.8
7.136111111111111,1.8,1.8,1.8,1.8,7.2,1.8,1.8,1.8,7.2,1.8
7.152777777777778,1.8,1.8,1.8,1.8,7.2,1.8,1.8,1.8,7.2,1.8
7.169444444444444,1.8,1.8,1.8,1.8,7.2,1.8,1.8,1.8,7.2,1.8
7.186111111111111,1.8,1.8,1.8,1.8,7.2,1.8,1.8,1.8,7.2,1.8
7.2027777777777775,1.8,1.8,1.8,1.8,7.2,1.8,1.8,1.8,7.2,1.8
7.219444444444444,1.8,1.8,1.8,1.8,7.2,1.8,1.8,1.8,7.2,1.8
7.236111111111111,1.8,1.8,1.8,1.8,7.2,1.8,1.8,1.8,7.2,1.8
7.252777777777778,1.8,1.8,1.8,1.8,7.2,1.8,1.8,1.8,7.2,1.8
7.269444444444445,1.8,1.8,1.8,1.8,7.2,1.8,1.8,1.8,7.2,1.8
7.286111111111111,1.8,1.8,1.8,1.8,7.2,1.8,1.8,1.8,7.2,1.8
7.302777777777778,1.8,1.8,1.8,1.8,7.2,1.8,1.8,1.8,7.2,1.8
7.319444444444445,1.8,1.8,1.8,1.8,7.2,1.8,1.8,1.8,7.2,1.8
7.336111111111111,1.8,1.8,1.8,1.8,7.2,1.8,1.8,1.8,7.2,1.8
7.352777777777778,1.8,1.8,1.8,1.8,7.2,1.8,1.8,1.8,7.2,1.8
7.3694444444444445,1.8,1.8,1.8,1.8,7.2,1.8,1.8,1.8,7.2,1.8
7.386111111111111,1.8,1.8,1.8,1.8,7.2,1.8,1.8,1.8,7.2,1.8
7.402777777777778,1.8,1.8,1.8,1.8,7.2,1.8,1.8,1.8,7.2,1.8
7.419444444444444,1.8,1.8,1.8,1.8,7.2,1.8,1.8,1.8,7.2,1.8
7.436111111111111,1.8,1.8,1.8,1.8,7.2,1.8,1.8,1.8,7.2,1.8
7.4527777777777775,1.8,1.8,1.8,1.8,7.2,1.8,1.8,1.8,7.2,1.8
7.469444444444444,1.8,1.8,1.8,1.8,7.2,1.8,1.8,1.8,7.2,1.8
7.486111111111111,1.8,1.8,1.8,1.8,7.2,1.8,1.8,1.8,7.2,1.8
7.502777777777778,1.8,1.8,1.8,1.8,7.2,1.8,1.8,1.8,7.2,1.8
7.519444444444445,1.8,1.8,1.8,1.8,7.2,1.8,1.8,1.8,7.2,1.8
7.536111111111111,1.8,1.8,1.8,1.8,7.2,1.8,1.8,1.8,7.2,1.8
7.552777777777778,1.8,1.8,1.8,1.8,7.2,1.8,1.8,1.8,7.2,1.8
7.569444444444445,1.8,1.8,1.8,1.8,7.2,1.8,1.8,1.8,7.2,1.8
7.586111111111111,1.8,1.8,1.8,1.8,7.2,1.8,1.8,1.8,7.2,1.8
7.602777777777778,1.8,1.8,1.8,1.8,7.2,1.8,1.8,1.8,7.2,1.8
7.6194444444444445,1.8,1.8,1.8,1.8,7.2,1.8,1.8,1.8,7.2,1.8
7.636111111111111,1.8,1.8,1.8,1.8,7.2,1.8,1.8,1.8,7.2,1.8
7.652777777777778,1.8,1.8,1.8,1.8,7.2,1.8,1.8,1.8,7.2,1.8
7.669444444444444,1.8,1.8,1.8,1.8,7.2,1.8,1.8,1.8,7.2,1.8
7.686111111111111,1.8,1.8,1.8,1.8,7.2,1.8,1.8,1.8,7.2,1.8
7.7027777777777775,1.8,1.8,1.8,1.8,7.2,1.8,1.8,1.8,7.2,1.8
7.719444444444444,1.8,1.8,1.8,1.8,7.2,1.8,1.8,1.8,7.2,1.8
7.736111111111111,1.8,1.8,1.8,1.8,7.2,1.8,1.8,1.8,7.2,1.8
7.752777777777778,1.8,1.8,1.8,1.8,7.2,1.8,1.8,1.8,7.2,1.8
7.769444444444445,1.8,1.8,1.8,1.8,7.2,1.8,1.8,1.8,7.2,1.8
7.786111111111111,1.8,1.8,1.8,1.8,7.2,1.8,1.8,1.8,7.2,1.8
7.802777777777778,1.8,1.8,1.8,1.8,7.2,1.8,1.8,1.8,7.2,1.8
7.819444444444445,1.8,1.8,1.8,1.8,7.2,1.8,1.8,1.8,7.2,1.8
7.836111111111111,1.8,1.8,1.8,1.8,7.2,1.8,1.8,1.8,7.2,1.8
7.852777777777778,1.8,1.8,1.8,1.8,7.2,1.8,1.8,1.8,7.2,1.8
7.8694444444444445,1.8,1.8,1.8,1.8,7.2,1.8,1.8,1.8,7.2,1.8
7.886111111111111,1.8,1.8,1.8,1.8,7.2,1.8,1.8,1.8,7.2,1.8
7.902777777777778,1.8,1.8,1.8,1.8,7.2,1.8,1.8,1.8,7.2,1.8
7.919444444444444,1.8,1.8,1.8,1.8,7.2,1.8,1.8,1.8,7.2,1.8
7.936111111111111,1.8,1.8,1.8,1.8,7.2,1.8,1.8,1.8,7.2,1.8
7.9527777777777775,1.8,1.8,1.8,1.8,7.2,1.8,1.8,1.8,7.2,1.8
7.969444444444444,1.8,1.8,1.8,1.8,7.2,1.8,1.8,1.8,7.2,1.8
7.986111111111111,1.8,1.8,1.8,1.8,7.2,1.8,1.8,1.8,7.2,1.8
8.002777777777778,1.8,1.8,1.8,1.8,7.2,1.8,1.8,1.8,7.2,1.8
8.019444444444444,1.8,1.8,1.8,1.8,7.2,1.8,1.8,1.8,7.2,1.8
8.036111111111111,1.8,1.8,1.8,1.8,7.2,1.8,1.8,1.8,7.2,1.8
8.052777777777777,1.8,1.8,1.8,1.8,7.2,1.8,1.8,1.8,7.2,1.8
8.069444444444445,1.8,1.8,1.8,1.8,7.2,1.8,1.8,1.8,7.2,1.8
8.08611111111111,1.8,1.8,1.8,1.8,7.2,1.8,1.8,1.8,7.2,1.8
8.102777777777778,1.8,1.8,1.8,1.8,7.2,1.8,1.8,1.8,7.2,1.8
8.119444444444444,1.8,1.8,1.8,1.8,7.2,1.8,1.8,1.8,7.2,1.8
8.136111111111111,1.8,1.8,1.8,1.8,7.2,1.8,1.8,1.8,7.2,1.8
8.152777777777779,1.8,1.8,1.8,1.8,7.2,1.8,1.8,1.8,7.2,1.8
8.169444444444444,1.8,1.8,1.8,1.8,7.2,1.8,1.8,1.8,7.2,1.8
8.186111111111112,1.8,1.8,1.8,1.8,7.2,1.8,1.8,1.8,7.2,1.8
8.202777777777778,1.8,1.8,1.8,1.8,7.2,1.8,1.8,1.8,7.2,1.8
8.219444444444445,1.8,1.8,1.8,1.8,7.2,1.8,1.8,1.8,7.2,1.8
8.23611111111111,1.8,1.8,1.8,1.8,7.2,1.8,1.8,1.8,7.2,1.8
8.252777777777778,1.8,1.8,1.8,1.8,7.2,1.8,1.8,1.8,7.2,1.8
8.269444444444444,1.8,1.8,1.8,1.8,7.2,1.8,1.8,1.8,7.2,1.8
8.286111111111111,1.8,1.8,1.8,1.8,7.2,1.8,1.8,1.8,7.2,1.8
8.302777777777777,1.8,1.8,1.8,1.8,7.2,1.8,1.8,1.8,7.2,1.8
8.319444444444445,1.8,1.8,1.8,1.8,7.2,1.8,1.8,1.8,7.2,1.8
8.33611111111111,1.8,1.8,1.8,1.8,7.2,1.8,1.8,1.8,7.2,1.8
8.352777777777778,1.8,1.8,1.8,1.8,7.2,1.8,1.8,1.8,7.2,1.8
8.369444444444444,1.8,1.8,1.8,1.8,7.2,1.8,1.8,1.8,7.2,1.8
8.386111111111111,1.8,1.8,1.8,1.8,7.2,1.8,1.8,1.8,7.2,1.8
8.402777777777779,1.8,1.8,1.8,1.8,7.2,1.8,1.8,1.8,7.2,1.8
8.419444444444444,1.8,1.8,1.8,1.8,7.2,1.8,1.8,1.8,7.2,1.8
8.436111111111112,1.8,1.8,1.8,1.8,7.2,1.8,1.8,1.8,7.2,1.8
8.452777777777778,1.8,1.8,1.8,1.8,7.2,1.8,1.8,1.8,7.2,1.8
8.469444444444445,1.8,1.8,1.8,1.8,7.2,1.8,1.8,1.8,7.2,1.8
8.48611111111111,1.8,1.8,1.8,1.8,7.2,1.8,1.8,1.8,7.2,1.8
8.502777777777778,1.8,1.8,1.8,1.8,7.2,1.8,1.8,1.8,7.2,1.8
8.519444444444444,1.8,1.8,1.8,1.8,7.2,1.8,1.8,1.8,7.2,1.8
8.536111111111111,1.8,1.8,1.8,1.8,7.2,1.8,1.8,1.8,7.2,1.8
8.552777777777777,1.8,1.8,1.8,1.8,7.2,1.8,1.8,1.8,7.2,1.8
8.569444444444445,1.8,1.8,1.8,1.8,7.2,1.8,1.8,1.8,7.2,1.8
8.58611111111111,1.8,1.8,1.8,1.8,7.2,1.8,1.8,1.8,7.2,1.8
8.602777777777778,1.8,1.8,1.8,1.8,7.2,1.8,1.8,1.8,7.2,1.8
8.619444444444444,1.8,1.8,1.8,1.8,7.2,1.8,1.8,1.8,7.2,1.8
8.636111111111111,1.8,1.8,1.8,1.8,7.2,1.8,1.8,1.8,7.2,1.8
8.652777777777779,1.8,1.8,1.8,1.8,7.2,1.8,1.8,1.8,7.2,1.8
8.669444444444444,1.8,1.8,1.8,1.8,7.2,1.8,1.8,1.8,7.2,1.8
8.686111111111112,1.8,1.8,1.8,1.8,7.2,1.8,1.8,1.8,7.2,1.8
8.702777777777778,1.8,1.8,1.8,1.8,7.2,1.8,1.8,1.8,7.2,1.8
8.719444444444445,1.8,1.8,1.8,1.8,7.2,1.8,1.8,1.8,7.2,1.8
8.73611111111111,1.8,1.8,1.8,1.8,7.2,1.8,1.8,1.8,7.2,1.8
8.752777777777778,1.8,1.8,1.8,1.8,7.2,1.8,1.8,1.8,7.2,1.8
8.769444444444444,1.8,1.8,1.8,1.8,7.2,1.8,1.8,1.8,7.2,1.8
8.786111111111111,1.8,1.8,1.8,1.8,7.2,1.8,1.8,1.8,7.2,1.8
8.802777777777777,1.8,1.8,1.8,1.8,7.2,1.8,1.8,1.8,7.2,1.8
8.819444444444445,1.8,1.8,1.8,1.8,7.2,1.8,1.8,1.8,7.2,1.8
8.83611111111111,1.8,1.8,1.8,1.8,7.2,1.8,1.8,1.8,7.2,1.8
8.852777777777778,1.8,1.8,1.8,1.8,7.2,1.8,1.8,1.8,7.2,1.8
8.869444444444444,1.8,1.8,1.8,1.8,7.2,1.8,1.8,1.8,7.2,1.8
8.886111111111111,1.8,1.8,1.8,1.8,7.2,1.8,1.8,1.8,7.2,1.8
8.902777777777779,1.8,1.8,1.8,1.8,7.2,1.8,1.8,1.8,7.2,1.8
8.919444444444444,1.8,1.8,1.8,1.8,7.2,1.8,1.8,1.8,7.2,1.8
8.936111111111112,1.8,1.8,1.8,1.8,7.2,1.8,1.8,1.8,7.2,1.8
8.952777777777778,1.8,1.8,1.8,1.8,7.2,1.8,1.8,1.8,7.2,1.8
8.969444444444445,1.8,1.8,1.8,1.8,7.2,1.8,1.8,1.8,7.2,1.8
8.98611111111111,1.8,1.8,1.8,1.8,7.2,1.8,1.8,1.8,7.2,1.8
9.002777777777778,1.8,1.8,1.8,1.8,7.2,1.8,1.8,1.8,7.2,1.8
9.019444444444444,1.8,1.8,1.8,1.8,7.2,1.8,1.8,1.8,7.2,1.8
9.036111111111111,1.8,1.8,1.8,1.8,7.2,1.8,1.8,1.8,7.2,1.8
9.052777777777777,1.8,1.8,1.8,1.8,7.2,1.8,1.8,1.8,7.2,1.8
9.069444444444445,1.8,1.8,1.8,1.8,7.2,1.8,1.8,1.8,7.2,1.8
9.08611111111111,1.8,1.8,1.8,1.8,7.2,1.8,1.8,1.8,7.2,1.8
9.102777777777778,1.8,1.8,1.8,1.8,7.2,1.8,1.8,1.8,7.2,1.8
9.119444444444444,1.8,1.8,1.8,1.8,7.2,1.8,1.8,1.8,7.2,1.8
9.136111111111111,1.8,1.8,1.8,1.8,7.2,1.8,1.8,1.8,7.2,1.8
9.152777777777779,1.8,1.8,1.8,1.8,7.2,1.8,1.8,1.8,7.2,1.8
9.169444444444444,1.8,1.8,1.8,1.8,7.2,1.8,1.8,1.8,7.2,1.8
9.186111111111112,1.8,1.8,1.8,1.8,7.2,1.8,1.8,1.8,7.2,1.8
9.202777777777778,1.8,1.8,1.8,1.8,7.2,1.8,1.8,1.8,7.2,1.8
9.219444444444445,1.8,1.8,1.8,1.8,7.2,1.8,1.8,1.8,7.2,1.8
9.23611111111111,1.8,1.8,1.8,1.8,7.2,1.8,1.8,1.8,7.2,1.8
9.252777777777778,1.8,1.8,1.8,1.8,7.2,1.8,1.8,1.8,7.2,1.8
9.269444444444444,1.8,1.8,1.8,1.8,7.2,1.8,1.8,1.8,7.2,1.8
9.286111111111111,1.8,1.8,1.8,1.8,7.2,1.8,1.8,1.8,7.2,1.8
9.302777777777777,1.8,1.8,1.8,1.8,7.2,1.8,1.8,1.8,7.2,1.8
9.319444444444445,1.8,1.8,1.8,1.8,7.2,1.8,1.8,1.8,7.2,1.8
9.33611111111111,1.8,1.8,1.8,1.8,7.2,1.8,1.8,1.8,7.2,1.8
9.352777777777778,1.8,1.8,1.8,1.8,7.2,1.8,1.8,1.8,7.2,1.8
9.369444444444444,1.8,1.8,1.8,1.8,7.2,1.8,1.8,1.8,7.2,1.8
9.386111111111111,1.8,1.8,1.8,1.8,7.2,1.8,1.8,1.8,7.2,1.8
9.402777777777779,1.8,1.8,1.8,1.8,7.2,1.8,1.8,1.8,7.2,1.8
9.419444444444444,1.8,1.8,1.8,1.8,7.2,1.8,1.8,1.8,7.2,1.8
9.436111111111112,1.8,1.8,1.8,1.8,7.2,1.8,1.8,1.8,7.2,1.8
9.452777777777778,1.8,1.8,1.8,1.8,7.2,1.8,1.8,1.8,7.2,1.8
9.469444444444445,1.8,1.8,1.8,1.8,7.2,1.8,1.8,1.8,7.2,1.8
9.48611111111111,1.8,1.8,1.8,1.8,7.2,1.8,1.8,1.8,7.2,1.8
9.502777777777778,1.8,1.8,1.8,1.8,7.2,1.8,1.8,1.8,7.2,1.8
9.519444444444444,1.8,1.8,1.8,1.8,7.2,1.8,1.8,1.8,7.2,1.8
9.536111111111111,1.8,1.8,1.8,1.8,7.2,1.8,1.8,1.8,7.2,1.8
9.552777777777777,1.8,1.8,1.8,1.8,7.2,1.8,1.8,1.8,7.2,1.8
9.569444444444445,1.8,1.8,1.8,1.8,7.2,1.8,1.8,1.8,7.2,1.8
9.58611111111111,1.8,1.8,1.8,1.8,7.2,1.8,1.8,1.8,7.2,1.8
9.602777777777778,1.8,1.8,1.8,1.8,7.2,1.8,1.8,1.8,7.2,1.8
9.619444444444444,1.8,1.8,1.8,1.8,7.2,1.8,1.8,1.8,7.2,1.8
9.636111111111111,1.8,1.8,1.8,1.8,7.2,1.8,1.8,1.8,7.2,1.8
9.652777777777779,1.8,1.8,1.8,1.8,7.2,1.8,1.8,1.8,7.2,1.8
9.669444444444444,1.8,1.8,1.8,1.8,7.2,1.8,1.8,1.8,7.2,1.8
9.686111111111112,1.8,1.8,1.8,1.8,7.2,1.8,1.8,1.8,7.2,1.8
9.702777777777778,1.8,1.8,1.8,1.8,7.2,1.8,1.8,1.8,7.2,1.8
9.719444444444445,1.8,1.8,1.8,1.8,7.2,1.8,1.8,1.8,7.2,1.8
9.73611111111111,1.8,1.8,1.8,1.8,7.2,1.8,1.8,1.8,7.2,1.8
9.752777777777778,1.8,1.8,1.8,1.8,7.2,1.8,1.8,1.8,7.2,1.8
9.769444444444444,1.8,1.8,1.8,1.8,7.2,1.8,1.8,1.8,7.2,1.8
9.786111111111111,1.8,1.8,1.8,1.8,7.2,1.8,1.8,1.8,7.2,1.8
9.802777777777777,1.8,1.8,1.8,1.8,7.2,1.8,1.8,1.8,7.2,1.8
9.819444444444445,1.8,1.8,1.8,1.8,7.2,1.8,1.8,1.8,7.2,1.8
9.83611111111111,1.8,1.8,1.8,1.8,7.2,1.8,1.8,1.8,7.2,1.8
9.852777777777778,1.8,1.8,1.8,1.8,7.2,1.8,1.8,1.8,7.2,1.8
9.869444444444444,1.8,1.8,1.8,1.8,7.2,1.8,1.8,1.8,7.2,1.8
9.886111111111111,1.8,1.8,1.8,1.8,7.2,1.8,1.8,1.8,7.2,1.8
9.902777777777779,1.8,1.8,1.8,1.8,7.2,1.8,1.8,1.8,7.2,1.8
9.919444444444444,1.8,1.8,1.8,1.8,7.2,1.8,1.8,1.8,7.2,1.8
9.936111111111112,1.8,1.8,1.8,1.8,7.2,1.8,1.8,1.8,7.2,1.8
9.952777777777778,1.8,1.8,1.8,1.8,7.2,1.8,1.8,1.8,7.2,1.8
9.969444444444445,1.8,1.8,1.8,1.8,7.2,1.8,1.8,1.8,7.2,1.8
9.98611111111111,1.8,1.8,1.8,1.8,7.2,1.8,1.8,1.8,7.2,1.8
10.002777777777778,1.8,1.8,1.8,1.8,7.2,1.8,1.8,1.8,7.2,1.8
10.019444444444444,1.8,1.8,1.8,1.8,7.2,1.8,1.8,1.8,7.2,1.8
10.036111111111111,1.8,1.8,1.8,1.8,7.2,1.8,1.8,1.8,7.2,1.8
10.052777777777777,1.8,1.8,1.8,1.8,7.2,1.8,1.8,1.8,7.2,1.8
10.069444444444445,1.8,1.8,1.8,1.8,7.2,1.8,1.8,1.8,7.2,1.8
10.08611111111111,1.8,1.8,1.8,1.8,7.2,1.8,1.8,1.8,7.2,1.8
10.102777777777778,1.8,1.8,1.8,1.8,7.2,1.8,1.8,1.8,7.2,1.8
10.119444444444444,1.8,1.8,1.8,1.8,7.2,1.8,1.8,1.8,7.2,1.8
10.136111111111111,1.8,1.8,1.8,1.8,7.2,1.8,1.8,1.8,7.2,1.8
10.152777777777779,1.8,1.8,1.8,1.8,7.2,1.8,1.8,1.8,7.2,1.8
10.169444444444444,1.8,1.8,1.8,1.8,7.2,1.8,1.8,1.8,7.2,1.8
10.186111111111112,1.8,1.8,1.8,1.8,7.2,1.8,1.8,1.8,7.2,1.8
10.202777777777778,1.8,1.8,1.8,1.8,7.2,1.8,1.8,1.8,7.2,1.8
10.219444444444445,1.8,1.8,1.8,1.8,7.2,1.8,1.8,1.8,7.2,1.8
10.23611111111111,1.8,1.8,1.8,1.8,7.2,1.8,1.8,1.8,7.2,1.8
10.252777777777778,1.8,1.8,1.8,1.8,7.2,1.8,1.8,1.8,7.2,1.8
10.269444444444444,1.8,1.8,1.8,1.8,7.2,1.8,1.8,1.8,7.2,1.8
10.286111111111111,1.8,1.8,1.8,1.8,7.2,1.8,1.8,1.8,7.2,1.8
10.302777777777777,1.8,1.8,1.8,1.8,7.2,1.8,1.8,1.8,7.2,1.8
10.319444444444445,1.8,1.8,1.8,1.8,7.2,1.8,1.8,1.8,7.2,1.8
10.33611111111111,1.8,1.8,1.8,1.8,7.2,1.8,1.8,1.8,7.2,1.8
10.352777777777778,1.8,1.8,1.8,1.8,7.2,1.8,1.8,1.8,7.2,1.8
10.369444444444444,1.8,1.8,1.8,1.8,7.2,1.8,1.8,1.8,7.2,1.8
10.386111111111111,1.8,1.8,1.8,1.8,7.2,1.8,1.8,1.8,7.2,1.8
10.402777777777779,1.8,1.8,1.8,1.8,7.2,1.8,1.8,1.8,7.2,1.8
10.419444444444444,1.8,1.8,1.8,1.8,7.2,1.8,1.8,1.8,7.2,1.8
10.436111111111112,1.8,1.8,1.8,1.8,7.2,1.8,1.8,1.8,7.2,1.8
10.452777777777778,1.8,1.8,1.8,1.8,7.2,1.8,1.8,1.8,7.2,1.8
10.469444444444445,1.8,1.8,1.8,1.8,7.2,1.8,1.8,1.8,7.2,1.8
10.48611111111111,1.8,1.8,1.8,1.8,7.2,1.8,1.8,1.8,7.2,1.8
10.502777777777778,1.8,1.8,1.8,1.8,7.2,1.8,1.8,1.8,7.2,1.8
10.519444444444444,1.8,1.8,1.8,1.8,7.2,1.8,1.8,1.8,7.2,1.8
10.536111111111111,1.8,1.8,1.8,1.8,7.2,1.8,1.8,1.8,50.0,1.8
10.552777777777777,1.8,1.8,1.8,1.8,7.2,1.8,1.8,1.8,50.0,1.8
10.569444444444445,1.8,1.8,1.8,1.8,7.2,1.8,1.8,1.8,50.0,1.8
10.58611111111111,1.8,1.8,1.8,1.8,7.2,1.8,1.8,1.8,50.0,1.8
10.602777777777778,1.8,1.8,1.8,1.8,7.2,1.8,1.8,1.8,50.0,1.8
10.619444444444444,1.8,1.8,1.8,1.8,7.2,1.8,1.8,1.8,50.0,1.8
10.636111111111111,1.8,1.8,1.8,1.8,7.2,1.8,1.8,1.8,50.0,1.8
10.652777777777779,1.8,1.8,1.8,1.8,7.2,1.8,1.8,1.8,50.0,1.8
10.669444444444444,1.8,1.8,1.8,1.8,7.2,1.8,1.8,1.8,50.0,1.8
10.686111111111112,1.8,1.8,1.8,1.8,7.2,1.8,1.8,1.8,50.0,1.8
10.702777777777778,1.8,1.8,1.8,1.8,7.2,1.8,1.8,1.8,50.0,1.8
10.719444444444445,1.8,1.8,1.8,1.8,7.2,1.8,1.8,1.8,50.0,1.8
10.73611111111111,1.8,1.8,1.8,1.8,7.2,1.8,1.8,1.8,50.0,1.8
10.752777777777778,1.8,1.8,1.8,1.8,7.2,1.8,1.8,1.8,50.0,1.8
10.769444444444444,1.8,1.8,1.8,1.8,7.2,1.8,1.8,1.8,50.0,1.8
10.786111111111111,1.8,1.8,1.8,1.8,7.2,1.8,1.8,1.8,50.0,1.8
10.802777777777777,1.8,1.8,1.8,1.8,7.2,1.8,1.8,1.8,50.0,1.8
10.819444444444445,1.8,1.8,1.8,1.8,7.2,1.8,1.8,1.8,50.0,1.8
10.83611111111111,1.8,1.8,1.8,1.8,7.2,1.8,1.8,1.8,50.0,1.8
10.852777777777778,1.8,1.8,1.8,1.8,7.2,1.8,1.8,1.8,50.0,1.8
10.869444444444444,1.8,1.8,1.8,1.8,7.2,1.8,1.8,1.8,50.0,1.8
10.886111111111111,1.8,1.8,1.8,1.8,7.2,1.8,1.8,1.8,50.0,1.8
10.902777777777779,1.8,1.8,1.8,1.8,7.2,1.8,1.8,1.8,50.0,1.8
10.919444444444444,1.8,1.8,1.8,1.8,7.2,1.8,1.8,1.8,50.0,1.8
10.936111111111112,1.8,1.8,1.8,1.8,1.8,1.8,1.8,1.8,50.0,1.8
10.952777777777778,1.8,1.8,1.8,1.8,1.8,1.8,1.8,1.8,50.0,1.8
10.969444444444445,1.8,1.8,1.8,1.8,1.8,1.8,1.8,1.8,50.0,1.8
10.98611111111111,1.8,1.8,1.8,1.8,1.8,1.8,1.8,1.8,50.0,1.8
11.002777777777778,1.8,1.8,1.8,1.8,1.8,1.8,1.8,1.8,50.0,1.8
11.019444444444444,1.8,1.8,1.8,1.8,1.8,1.8,1.8,1.8,50.0,1.8
11.036111111111111,1.8,1.8,1.8,1.8,1.8,1.8,1.8,1.8,50.0,1.8
11.052777777777777,1.8,1.8,1.8,1.8,1.8,1.8,1.8,1.8,50.0,1.8
11.069444444444445,1.8,1.8,1.8,1.8,1.8,1.8,1.8,1.8,50.0,1.8
11.08611111111111,1.8,1.8,1.8,1.8,1.8,1.8,1.8,1.8,50.0,1.8
11.102777777777778,1.8,1.8,1.8,1.8,1.8,1.8,1.8,1.8,50.0,1.8
11.119444444444444,1.8,1.8,1.8,1.8,1.8,1.8,1.8,1.8,50.0,1.8
11.136111111111111,1.8,1.8,1.8,1.8,1.8,1.8,1.8,1.8,50.0,1.8
11.152777777777779,1.8,1.8,1.8,1.8,1.8,1.8,1.8,1.8,50.0,1.8
11.169444444444444,1.8,1.8,1.8,1.8,1.8,1.8,1.8,1.8,50.0,1.8
11.186111111111112,1.8,1.8,1.8,1.8,1.8,1.8,1.8,1.8,50.0,1.8
11.202777777777778,1.8,1.8,1.8,1.8,1.8,1.8,1.8,1.8,50.0,1.8
11.219444444444445,1.8,1.8,1.8,1.8,1.8,1.8,1.8,1.8,50.0,1.8
11.23611111111111,1.8,1.8,1.8,1.8,1.8,1.8,1.8,1.8,50.0,1.8
11.252777777777778,1.8,1.8,1.8,1.8,1.8,1.8,1.8,1.8,50.0,1.8
11.269444444444444,1.8,1.8,1.8,1.8,1.8,1.8,1.8,1.8,50.0,1.8
11.286111111111111,1.8,1.8,1.8,1.8,1.8,1.8,1.8,1.8,50.0,1.8
11.302777777777777,1.8,1.8,1.8,1.8,1.8,1.8,1.8,1.8,50.0,1.8
11.319444444444445,1.8,1.8,1.8,1.8,1.8,1.8,1.8,1.8,50.0,1.8
11.33611111111111,1.8,1.8,1.8,1.8,1.8,1.8,1.8,1.8,50.0,1.8
11.352777777777778,1.8,1.8,1.8,1.8,1.8,1.8,1.8,1.8,50.0,1.8
11.369444444444444,1.8,1.8,1.8,1.8,1.8,1.8,1.8,1.8,50.0,1.8
11.386111111111111,1.8,1.8,1.8,1.8,1.8,1.8,1.8,1.8,50.0,1.8
11.402777777777779,1.8,1.8,1.8,1.8,1.8,1.8,1.8,1.8,50.0,1.8
11.419444444444444,1.8,1.8,1.8,1.8,1.8,1.8,1.8,1.8,50.0,1.8
11.436111111111112,1.8,1.8,1.8,1.8,1.8,1.8,1.8,1.8,50.0,1.8
11.452777777777778,1.8,1.8,1.8,1.8,1.8,1.8,1.8,1.8,1.8,1.8
11.469444444444445,1.8,1.8,1.8,1.8,1.8,1.8,1.8,1.8,1.8,1.8
11.48611111111111,1.8,1.8,1.8,1.8,1.8,1.8,1.8,1.8,1.8,1.8
11.502777777777778,1.8,1.8,1.8,1.8,1.8,1.8,1.8,1.8,1.8,1.8
11.519444444444444,1.8,1.8,1.8,1.8,1.8,1.8,1.8,1.8,1.8,1.8
11.536111111111111,1.8,1.8,1.8,1.8,1.8,1.8,1.8,1.8,1.8,1.8
11.552777777777777,1.8,1.8,1.8,1.8,1.8,1.8,1.8,1.8,1.8,1.8
11.569444444444445,1.8,1.8,1.8,1.8,1.8,1.8,1.8,1.8,1.8,1.8
11.58611111111111,1.8,1.8,1.8,1.8,1.8,1.8,1.8,1.8,1.8,1.8
11.602777777777778,1.8,1.8,1.8,1.8,1.8,1.8,1.8,1.8,1.8,1.8
11.619444444444444,1.8,1.8,1.8,1.8,1.8,1.8,1.8,1.8,1.8,1.8
11.636111111111111,1.8,1.8,1.8,1.8,1.8,1.8,1.8,1.8,1.8,1.8
11.652777777777779,1.8,1.8,1.8,1.8,1.8,1.8,1.8,1.8,1.8,1.8
11.669444444444444,1.8,1.8,1.8,1.8,1.8,1.8,1.8,1.8,1.8,1.8
11.686111111111112,1.8,1.8,1.8,1.8,1.8,1.8,1.8,1.8,1.8,1.8
11.702777777777778,1.8,1.8,1.8,1.8,1.8,1.8,1.8,1.8,1.8,1.8
11.719444444444445,1.8,1.8,1.8,1.8,1.8,1.8,1.8,1.8,1.8,1.8
11.73611111111111,1.8,1.8,1.8,1.8,1.8,1.8,1.8,1.8,1.8,1.8
11.752777777777778,1.8,1.8,1.8,1.8,1.8,1.8,1.8,1.8,1.8,1.8
11.769444444444444,1.8,1.8,1.8,1.8,1.8,1.8,1.8,1.8,1.8,1.8
11.786111111111111,1.8,1.8,1.8,1.8,1.8,1.8,1.8,1.8,1.8,1.8
11.802777777777777,1.8,1.8,1.8,1.8,1.8,1.8,1.8,1.8,1.8,1.8
11.819444444444445,1.8,1.8,1.8,1.8,1.8,1.8,1.8,1.8,1.8,1.8
11.83611111111111,1.8,1.8,1.8,1.8,1.8,1.8,1.8,1.8,1.8,1.8
11.852777777777778,1.8,1.8,1.8,1.8,1.8,1.8,1.8,1.8,1.8,1.8
11.869444444444444,1.8,1.8,1.8,1.8,1.8,1.8,1.8,1.8,1.8,1.8
11.886111111111111,1.8,1.8,1.8,1.8,1.8,1.8,1.8,1.8,1.8,1.8
11.902777777777779,1.8,1.8,1.8,1.8,1.8,1.8,1.8,1.8,1.8,1.8
11.919444444444444,1.8,1.8,1.8,1.8,1.8,1.8,1.8,1.8,1.8,1.8
11.936111111111112,1.8,1.8,1.8,1.8,1.8,1.8,1.8,1.8,1.8,1.8
11.952777777777778,1.8,1.8,1.8,1.8,1.8,1.8,1.8,1.8,1.8,1.8
11.969444444444445,1.8,1.8,1.8,1.8,1.8,1.8,1.8,1.8,1.8,1.8
11.98611111111111,1.8,1.8,1.8,1.8,1.8,1.8,1.8,1.8,1.8,1.8
12.002777777777778,1.8,1.8,1.8,1.8,1.8,1.8,1.8,1.8,1.8,1.8
12.019444444444444,1.8,1.8,1.8,1.8,1.8,1.8,1.8,1.8,1.8,1.8
12.036111111111111,1.8,1.8,1.8,1.8,1.8,1.8,1.8,1.8,1.8,1.8
12.052777777777777,1.8,1.8,1.8,1.8,1.8,1.8,1.8,1.8,1.8,1.8
12.069444444444445,1.8,1.8,1.8,1.8,1.8,1.8,1.8,1.8,1.8,1.8
12.08611111111111,1.8,1.8,1.8,1.8,1.8,1.8,1.8,1.8,1.8,1.8
12.102777777777778,1.8,1.8,1.8,1.8,1.8,1.8,1.8,1.8,1.8,1.8
12.119444444444444,1.8,1.8,1.8,1.8,1.8,1.8,1.8,1.8,1.8,1.8
12.136111111111111,1.8,1.8,1.8,1.8,1.8,1.8,1.8,1.8,1.8,1.8
12.152777777777779,1.8,1.8,1.8,1.8,1.8,1.8,1.8,1.8,1.8,1.8
12.169444444444444,1.8,1.8,1.8,1.8,1.8,1.8,1.8,1.8,1.8,1.8
12.186111111111112,1.8,1.8,1.8,1.8,1.8,1.8,1.8,1.8,1.8,1.8
12.202777777777778,1.8,1.8,1.8,1.8,1.8,1.8,1.8,1.8,1.8,1.8
12.219444444444445,1.8,1.8,1.8,1.8,1.8,1.8,1.8,1.8,1.8,1.8
12.23611111111111,1.8,1.8,1.8,1.8,1.8,1.8,1.8,1.8,1.8,1.8
12.252777777777778,1.8,1.8,1.8,1.8,1.8,1.8,1.8,1.8,1.8,1.8
12.269444444444444,1.8,1.8,1.8,1.8,1.8,1.8,1.8,1.8,1.8,1.8
12.286111111111111,1.8,1.8,1.8,1.8,1.8,1.8,1.8,1.8,1.8,1.8
12.302777777777777,1.8,1.8,1.8,1.8,1.8,1.8,1.8,1.8,1.8,1.8
12.319444444444445,1.8,1.8,1.8,1.8,1.8,1.8,1.8,1.8,1.8,1.8
12.33611111111111,1.8,1.8,1.8,1.8,1.8,1.8,1.8,1.8,1.8,1.8
12.352777777777778,1.8,1.8,1.8,1.8,1.8,1.8,1.8,1.8,1.8,1.8
12.369444444444444,1.8,1.8,1.8,1.8,1.8,1.8,1.8,1.8,1.8,1.8
12.386111111111111,1.8,1.8,1.8,1.8,1.8,1.8,1.8,1.8,1.8,1.8
12.402777777777779,1.8,1.8,1.8,1.8,1.8,1.8,1.8,1.8,1.8,1.8
12.419444444444444,1.8,1.8,1.8,1.8,1.8,1.8,1.8,1.8,1.8,1.8
12.436111111111112,1.8,1.8,1.8,1.8,1.8,1.8,1.8,1.8,1.8,1.8
12.452777777777778,1.8,1.8,1.8,1.8,1.8,1.8,1.8,1.8,1.8,1.8
12.469444444444445,1.8,1.8,1.8,1.8,1.8,1.8,1.8,1.8,1.8,1.8
12.48611111111111,1.8,1.8,1.8,1.8,1.8,1.8,1.8,1.8,1.8,1.8
12.502777777777778,1.8,1.8,1.8,1.8,1.8,1.8,1.8,1.8,1.8,1.8
12.519444444444444,1.8,1.8,1.8,1.8,1.8,1.8,1.8,1.8,1.8,1.8
12.536111111111111,1.8,1.8,1.8,1.8,1.8,1.8,1.8,1.8,1.8,1.8
12.552777777777777,1.8,1.8,1.8,1.8,1.8,1.8,1.8,1.8,1.8,1.8
12.569444444444445,1.8,1.8,1.8,1.8,1.8,1.8,1.8,1.8,1.8,1.8
12.58611111111111,1.8,1.8,1.8,1.8,1.8,1.8,1.8,1.8,1.8,1.8
12.602777777777778,1.8,1.8,1.8,1.8,1.8,1.8,1.8,1.8,1.8,1.8
12.619444444444444,1.8,1.8,1.8,1.8,1.8,1.8,1.8,1.8,1.8,1.8
12.636111111111111,1.8,1.8,1.8,1.8,1.8,1.8,1.8,1.8,1.8,1.8
12.652777777777779,1.8,1.8,1.8,1.8,1.8,1.8,1.8,1.8,1.8,1.8
12.669444444444444,1.8,1.8,1.8,1.8,1.8,1.8,1.8,1.8,1.8,1.8
12.686111111111112,1.8,1.8,1.8,1.8,1.8,1.8,1.8,1.8,1.8,1.8
12.702777777777778,1.8,1.8,1.8,1.8,1.8,1.8,1.8,1.8,1.8,1.8
12.719444444444445,1.8,1.8,1.8,1.8,1.8,1.8,1.8,1.8,1.8,1.8
12.73611111111111,1.8,1.8,1.8,1.8,1.8,1.8,1.8,1.8,1.8,1.8
12.752777777777778,1.8,1.8,1.8,1.8,1.8,1.8,1.8,1.8,1.8,1.8
12.769444444444444,1.8,1.8,1.8,1.8,1.8,1.8,1.8,1.8,1.8,1.8
12.786111111111111,1.8,1.8,1.8,1.8,1.8,1.8,1.8,1.8,1.8,1.8
12.802777777777777,1.8,1.8,1.8,1.8,1.8,1.8,1.8,1.8,1.8,1.8
12.819444444444445,1.8,1.8,1.8,1.8,1.8,1.8,1.8,1.8,1.8,1.8
12.83611111111111,1.8,1.8,1.8,1.8,1.8,1.8,1.8,1.8,1.8,1.8
12.852777777777778,1.8,1.8,1.8,1.8,1.8,1.8,1.8,1.8,1.8,1.8
12.869444444444444,1.8,1.8,1.8,1.8,1.8,1.8,1.8,1.8,1.8,1.8
12.886111111111111,1.8,1.8,1.8,1.8,1.8,1.8,1.8,1.8,1.8,1.8
12.902777777777779,1.8,1.8,1.8,1.8,1.8,1.8,1.8,1.8,1.8,1.8
12.919444444444444,1.8,1.8,1.8,1.8,1.8,1.8,1.8,1.8,1.8,1.8
12.936111111111112,1.8,1.8,1.8,1.8,1.8,1.8,1.8,1.8,1.8,1.8
12.952777777777778,1.8,1.8,1.8,1.8,1.8,1.8,1.8,1.8,1.8,1.8
12.969444444444445,1.8,1.8,1.8,1.8,1.8,1.8,1.8,1.8,1.8,1.8
12.98611111111111,1.8,1.8,1.8,1.8,1.8,1.8,1.8,1.8,1.8,1.8
13.002777777777778,1.8,1.8,1.8,1.8,1.8,1.8,1.8,1.8,1.8,1.8
13.019444444444444,1.8,1.8,1.8,1.8,1.8,1.8,1.8,1.8,1.8,1.8
13.036111111111111,1.8,1.8,1.8,1.8,1.8,1.8,1.8,1.8,1.8,1.8
13.052777777777777,1.8,1.8,1.8,1.8,1.8,1.8,1.8,1.8,1.8,1.8
13.069444444444445,1.8,1.8,1.8,1.8,1.8,1.8,1.8,1.8,1.8,1.8
13.08611111111111,1.8,1.8,1.8,1.8,1.8,1.8,1.8,1.8,1.8,1.8
13.102777777777778,1.8,1.8,1.8,1.8,1.8,1.8,1.8,1.8,1.8,1.8
13.119444444444444,1.8,1.8,1.8,1.8,1.8,1.8,1.8,1.8,1.8,1.8
13.136111111111111,1.8,1.8,1.8,1.8,1.8,1.8,1.8,1.8,1.8,1.8
13.152777777777779,1.8,1.8,1.8,1.8,1.8,1.8,1.8,1.8,1.8,1.8
13.169444444444444,1.8,1.8,1.8,1.8,1.8,1.8,1.8,1.8,1.8,1.8
13.186111111111112,1.8,1.8,1.8,1.8,1.8,1.8,1.8,1.8,1.8,1.8
13.202777777777778,1.8,1.8,1.8,1.8,1.8,1.8,1.8,1.8,1.8,1.8
13.219444444444445,1.8,1.8,1.8,1.8,1.8,1.8,1.8,1.8,1.8,1.8
13.23611111111111,1.8,1.8,1.8,1.8,1.8,1.8,1.8,1.8,1.8,1.8
13.252777777777778,1.8,1.8,1.8,1.8,1.8,1.8,1.8,1.8,1.8,1.8
13.269444444444444,1.8,1.8,1.8,1.8,1.8,1.8,1.8,1.8,1.8,1.8
13.286111111111111,1.8,1.8,1.8,1.8,1.8,1.8,1.8,1.8,1.8,1.8
13.302777777777777,1.8,1.8,1.8,1.8,1.8,1.8,1.8,1.8,1.8,1.8
13.319444444444445,1.8,1.8,1.8,1.8,1.8,1.8,1.8,1.8,1.8,1.8
13.33611111111111,1.8,1.8,1.8,1.8,1.8,1.8,1.8,1.8,1.8,1.8
13.352777777777778,1.8,1.8,1.8,1.8,1.8,1.8,1.8,1.8,1.8,1.8
13.369444444444444,1.8,1.8,1.8,1.8,1.8,1.8,1.8,1.8,1.8,1.8
13.386111111111111,1.8,1.8,1.8,1.8,1.8,1.8,1.8,1.8,1.8,1.8
13.402777777777779,1.8,1.8,1.8,1.8,1.8,1.8,1.8,1.8,1.8,1.8
13.419444444444444,1.8,1.8,1.8,1.8,1.8,1.8,1.8,1.8,1.8,1.8
13.436111111111112,1.8,1.8,1.8,1.8,1.8,1.8,1.8,1.8,1.8,1.8
13.452777777777778,1.8,1.8,1.8,1.8,1.8,1.8,1.8,1.8,1.8,1.8
13.469444444444445,1.8,1.8,1.8,1.8,1.8,1.8,1.8,1.8,1.8,1.8
13.48611111111111,1.8,1.8,1.8,1.8,1.8,1.8,1.8,1.8,1.8,1.8
13.502777777777778,1.8,1.8,1.8,1.8,1.8,1.8,1.8,1.8,1.8,1.8
13.519444444444444,1.8,1.8,1.8,1.8,1.8,1.8,1.8,1.8,1.8,1.8
13.536111111111111,1.8,1.8,1.8,1.8,1.8,1.8,1.8,1.8,1.8,1.8
13.552777777777777,1.8,1.8,1.8,1.8,1.8,1.8,1.8,1.8,1.8,1.8
13.569444444444445,1.8,1.8,1.8,1.8,1.8,1.8,1.8,1.8,1.8,1.8
13.58611111111111,1.8,1.8,1.8,1.8,1.8,1.8,1.8,1.8,1.8,1.8
13.602777777777778,1.8,1.8,1.8,1.8,1.8,1.8,1.8,1.8,1.8,1.8
13.619444444444444,1.8,1.8,1.8,1.8,1.8,1.8,1.8,1.8,1.8,1.8
13.636111111111111,1.8,1.8,1.8,1.8,1.8,1.8,1.8,1.8,1.8,1.8
13.652777777777779,1.8,1.8,1.8,1.8,1.8,1.8,1.8,1.8,1.8,1.8
13.669444444444444,1.8,1.8,1.8,1.8,1.8,1.8,1.8,1.8,1.8,1.8
13.686111111111112,1.8,1.8,1.8,1.8,1.8,1.8,1.8,1.8,1.8,1.8
13.702777777777778,1.8,1.8,1.8,1.8,1.8,1.8,1.8,1.8,1.8,1.8
13.719444444444445,1.8,1.8,1.8,1.8,1.8,1.8,1.8,1.8,1.8,1.8
13.73611111111111,1.8,1.8,1.8,1.8,1.8,1.8,1.8,1.8,1.8,1.8
13.752777777777778,1.8,1.8,1.8,1.8,1.8,1.8,1.8,1.8,1.8,1.8
13.769444444444444,1.8,1.8,1.8,1.8,1.8,1.8,1.8,1.8,1.8,1.8
13.786111111111111,1.8,1.8,1.8,1.8,1.8,1.8,1.8,1.8,1.8,1.8
13.802777777777777,1.8,1.8,1.8,1.8,1.8,1.8,1.8,1.8,1.8,1.8
13.819444444444445,1.8,1.8,1.8,1.8,1.8,1.8,1.8,1.8,1.8,1.8
13.83611111111111,1.8,1.8,1.8,1.8,1.8,1.8,1.8,1.8,1.8,1.8
13.852777777777778,1.8,1.8,1.8,1.8,1.8,1.8,1.8,1.8,1.8,1.8
13.869444444444444,1.8,1.8,1.8,1.8,1.8,1.8,1.8,1.8,1.8,1.8
13.886111111111111,1.8,1.8,1.8,1.8,1.8,1.8,1.8,1.8,1.8,1.8
13.902777777777779,1.8,1.8,1.8,1.8,1.8,1.8,1.8,1.8,1.8,1.8
13.919444444444444,1.8,1.8,1.8,1.8,1.8,1.8,1.8,1.8,1.8,1.8
13.936111111111112,1.8,1.8,1.8,1.8,1.8,1.8,1.8,1.8,1.8,1.8
13.952777777777778,1.8,1.8,1.8,1.8,1.8,1.8,1.8,1.8,1.8,1.8
13.969444444444445,1.8,1.8,1.8,1.8,1.8,1.8,1.8,1.8,1.8,1.8
13.98611111111111,1.8,1.8,1.8,1.8,1.8,1.8,1.8,1.8,1.8,1.8
14.002777777777778,1.8,1.8,1.8,1.8,1.8,1.8,1.8,1.8,1.8,1.8
14.019444444444444,1.8,1.8,1.8,1.8,1.8,1.8,1.8,1.8,1.8,1.8
14.036111111111111,1.8,1.8,1.8,1.8,1.8,1.8,1.8,1.8,1.8,1.8
14.052777777777777,1.8,1.8,1.8,1.8,1.8,1.8,1.8,1.8,1.8,1.8
14.069444444444445,1.8,1.8,1.8,1.8,1.8,1.8,1.8,1.8,1.8,1.8
14.08611111111111,1.8,1.8,1.8,1.8,1.8,1.8,1.8,1.8,1.8,1.8
14.102777777777778,1.8,1.8,1.8,1.8,1.8,1.8,1.8,1.8,1.8,1.8
14.119444444444444,1.8,1.8,1.8,1.8,1.8,1.8,1.8,1.8,1.8,1.8
14.136111111111111,1.8,1.8,1.8,1.8,1.8,1.8,1.8,1.8,1.8,1.8
14.152777777777779,1.8,1.8,1.8,1.8,1.8,1.8,1.8,1.8,1.8,1.8
14.169444444444444,1.8,1.8,1.8,1.8,1.8,1.8,1.8,1.8,1.8,1.8
14.186111111111112,1.8,1.8,1.8,1.8,1.8,1.8,1.8,1.8,1.8,1.8
14.202777777777778,1.8,1.8,1.8,1.8,1.8,1.8,1.8,1.8,1.8,1.8
14.219444444444445,1.8,1.8,1.8,1.8,1.8,1.8,1.8,1.8,1.8,1.8
14.23611111111111,1.8,1.8,1.8,1.8,1.8,1.8,1.8,1.8,1.8,1.8
14.252777777777778,1.8,1.8,1.8,1.8,1.8,1.8,1.8,1.8,1.8,1.8
14.269444444444444,1.8,1.8,1.8,1.8,1.8,1.8,1.8,1.8,1.8,1.8
14.286111111111111,1.8,1.8,1.8,1.8,1.8,1.8,1.8,1.8,1.8,1.8
14.302777777777777,1.8,1.8,1.8,1.8,1.8,1.8,1.8,1.8,1.8,1.8
14.319444444444445,1.8,1.8,1.8,1.8,1.8,1.8,1.8,1.8,1.8,1.8
14.33611111111111,1.8,1.8,1.8,1.8,1.8,1.8,1.8,1.8,1.8,1.8
14.352777777777778,1.8,1.8,1.8,1.8,1.8,1.8,1.8,1.8,1.8,1.8
14.369444444444444,1.8,1.8,1.8,1.8,1.8,1.8,1.8,1.8,1.8,1.8
14.386111111111111,1.8,1.8,1.8,1.8,1.8,1.8,1.8,1.8,1.8,1.8
14.402777777777779,1.8,1.8,1.8,1.8,1.8,1.8,1.8,1.8,1.8,1.8
14.419444444444444,1.8,1.8,1.8,1.8,1.8,1.8,1.8,1.8,1.8,1.8
14.436111111111112,1.8,1.8,1.8,1.8,1.8,1.8,1.8,1.8,1.8,1.8
14.452777777777778,1.8,1.8,1.8,1.8,1.8,1.8,1.8,1.8,1.8,1.8
14.469444444444445,1.8,1.8,1.8,1.8,1.8,1.8,1.8,1.8,1.8,1.8
14.48611111111111,1.8,1.8,1.8,1.8,1.8,1.8,1.8,1.8,1.8,1.8
14.502777777777778,1.8,1.8,1.8,1.8,1.8,1.8,1.8,1.8,1.8,1.8
14.519444444444444,1.8,1.8,1.8,1.8,1.8,1.8,1.8,1.8,1.8,1.8
14.536111111111111,1.8,1.8,1.8,1.8,1.8,1.8,1.8,1.8,1.8,1.8
14.552777777777777,1.8,1.8,1.8,1.8,1.8,1.8,1.8,1.8,1.8,1.8
14.569444444444445,1.8,1.8,1.8,1.8,1.8,1.8,1.8,1.8,1.8,1.8
14.58611111111111,1.8,1.8,1.8,1.8,1.8,1.8,1.8,1.8,1.8,1.8
14.602777777777778,1.8,1.8,1.8,1.8,1.8,1.8,1.8,1.8,1.8,1.8
14.619444444444444,1.8,1.8,1.8,1.8,1.8,1.8,1.8,1.8,1.8,1.8
14.636111111111111,1.8,1.8,1.8,1.8,1.8,1.8,1.8,1.8,1.8,1.8
14.652777777777779,1.8,1.8,1.8,1.8,1.8,1.8,1.8,1.8,1.8,1.8
14.669444444444444,1.8,1.8,1.8,1.8,1.8,1.8,1.8,1.8,1.8,1.8
14.686111111111112,1.8,1.8,1.8,1.8,1.8,1.8,1.8,1.8,1.8,1.8
14.702777777777778,1.8,1.8,1.8,1.8,1.8,1.8,1.8,1.8,1.8,1.8
14.719444444444445,1.8,1.8,1.8,1.8,1.8,1.8,1.8,1.8,1.8,1.8
14.73611111111111,1.8,1.8,1.8,1.8,1.8,1.8,1.8,1.8,1.8,1.8
14.752777777777778,1.8,1.8,1.8,1.8,1.8,1.8,1.8,1.8,1.8,1.8
14.769444444444444,1.8,1.8,1.8,1.8,1.8,1.8,1.8,1.8,1.8,1.8
14.786111111111111,1.8,1.8,1.8,1.8,1.8,1.8,1.8,1.8,1.8,1.8
14.802777777777777,1.8,1.8,1.8,1.8,1.8,1.8,1.8,1.8,1.8,1.8
14.819444444444445,1.8,1.8,1.8,1.8,1.8,1.8,1.8,1.8,1.8,1.8
14.83611111111111,1.8,1.8,1.8,1.8,1.8,1.8,1.8,1.8,1.8,1.8
14.852777777777778,1.8,1.8,1.8,1.8,1.8,1.8,1.8,1.8,1.8,1.8
14.869444444444444,1.8,1.8,1.8,1.8,1.8,1.8,1.8,1.8,1.8,1.8
14.886111111111111,1.8,1.8,1.8,1.8,1.8,1.8,1.8,1.8,1.8,1.8
14.902777777777779,1.8,1.8,1.8,1.8,1.8,1.8,1.8,1.8,1.8,1.8
14.919444444444444,1.8,1.8,1.8,1.8,1.8,1.8,1.8,1.8,1.8,1.8
14.936111111111112,1.8,1.8,1.8,1.8,1.8,1.8,1.8,1.8,1.8,1.8
14.952777777777778,1.8,1.8,1.8,1.8,1.8,1.8,1.8,1.8,1.8,1.8
14.969444444444445,1.8,1.8,1.8,1.8,1.8,1.8,1.8,1.8,1.8,1.8
14.98611111111111,1.8,1.8,1.8,1.8,1.8,1.8,1.8,1.8,1.8,1.8
15.002777777777778,1.8,1.8,1.8,1.8,1.8,1.8,1.8,1.8,1.8,1.8
15.019444444444444,1.8,1.8,1.8,1.8,1.8,1.8,1.8,1.8,1.8,1.8
15.036111111111111,1.8,1.8,1.8,1.8,1.8,1.8,1.8,1.8,1.8,1.8
15.052777777777777,1.8,1.8,1.8,1.8,1.8,1.8,1.8,1.8,1.8,1.8
15.069444444444445,1.8,1.8,1.8,1.8,1.8,1.8,1.8,1.8,1.8,1.8
15.08611111111111,1.8,1.8,1.8,1.8,1.8,1.8,1.8,1.8,1.8,1.8
15.102777777777778,1.8,1.8,1.8,1.8,1.8,1.8,1.8,1.8,1.8,1.8
15.119444444444444,1.8,1.8,1.8,1.8,1.8,1.8,1.8,1.8,1.8,1.8
15.136111111111111,1.8,1.8,1.8,1.8,1.8,1.8,1.8,1.8,1.8,1.8
15.152777777777779,1.8,1.8,1.8,1.8,1.8,1.8,1.8,1.8,1.8,1.8
15.169444444444444,1.8,1.8,1.8,1.8,1.8,1.8,1.8,1.8,1.8,1.8
15.186111111111112,1.8,1.8,1.8,1.8,1.8,1.8,1.8,1.8,1.8,1.8
15.202777777777778,1.8,1.8,1.8,1.8,1.8,1.8,1.8,1.8,1.8,1.8
15.219444444444445,1.8,1.8,1.8,1.8,1.8,1.8,1.8,1.8,1.8,1.8
15.23611111111111,1.8,1.8,1.8,1.8,1.8,1.8,1.8,1.8,1.8,1.8
15.252777777777778,1.8,1.8,1.8,1.8,1.8,1.8,1.8,1.8,1.8,1.8
15.269444444444444,1.8,1.8,1.8,1.8,1.8,1.8,1.8,1.8,1.8,1.8
15.286111111111111,1.8,1.8,1.8,1.8,1.8,1.8,1.8,1.8,1.8,1.8
15.302777777777777,1.8,1.8,1.8,1.8,1.8,1.8,1.8,1.8,1.8,1.8
15.319444444444445,1.8,1.8,1.8,1.8,1.8,1.8,1.8,1.8,1.8,1.8
15.33611111111111,1.8,1.8,1.8,1.8,1.8,1.8,1.8,1.8,1.8,1.8
15.352777777777778,1.8,1.8,1.8,1.8,1.8,1.8,1.8,1.8,1.8,1.8
15.369444444444444,1.8,1.8,1.8,1.8,1.8,1.8,1.8,1.8,1.8,1.8
15.386111111111111,1.8,1.8,1.8,1.8,1.8,1.8,1.8,1.8,1.8,1.8
15.402777777777779,1.8,1.8,1.8,1.8,1.8,1.8,1.8,1.8,1.8,1.8
15.419444444444444,1.8,1.8,1.8,1.8,1.8,1.8,1.8,1.8,1.8,1.8
15.436111111111112,1.8,1.8,1.8,1.8,1.8,1.8,1.8,1.8,1.8,1.8
15.452777777777778,1.8,1.8,1.8,1.8,1.8,1.8,1.8,1.8,1.8,1.8
15.469444444444445,1.8,1.8,1.8,1.8,1.8,1.8,1.8,1.8,1.8,1.8
15.48611111111111,1.8,1.8,1.8,1.8,1.8,1.8,1.8,1.8,1.8,1.8
15.502777777777778,1.8,1.8,1.8,1.8,1.8,1.8,1.8,1.8,1.8,1.8
15.519444444444444,1.8,1.8,1.8,1.8,1.8,1.8,1.8,1.8,1.8,1.8
15.536111111111111,1.8,1.8,1.8,1.8,1.8,1.8,1.8,1.8,1.8,1.8
15.552777777777777,1.8,1.8,1.8,1.8,1.8,1.8,1.8,1.8,1.8,1.8
15.569444444444445,1.8,1.8,1.8,1.8,1.8,1.8,1.8,1.8,1.8,1.8
15.58611111111111,1.8,1.8,1.8,1.8,1.8,1.8,1.8,1.8,1.8,1.8
15.602777777777778,1.8,1.8,1.8,1.8,1.8,1.8,1.8,1.8,1.8,1.8
15.619444444444444,1.8,1.8,1.8,1.8,1.8,1.8,1.8,1.8,1.8,1.8
15.636111111111111,1.8,1.8,1.8,1.8,1.8,1.8,1.8,1.8,1.8,1.8
15.652777777777779,1.8,1.8,1.8,1.8,1.8,1.8,1.8,1.8,1.8,1.8
15.669444444444444,1.8,1.8,1.8,1.8,1.8,1.8,1.8,1.8,1.8,1.8
15.686111111111112,1.8,1.8,1.8,1.8,1.8,1.8,1.8,1.8,1.8,1.8
15.702777777777778,1.8,1.8,1.8,1.8,1.8,1.8,1.8,1.8,1.8,1.8
15.719444444444445,1.8,1.8,1.8,1.8,1.8,1.8,1.8,1.8,1.8,1.8
15.73611111111111,1.8,1.8,1.8,1.8,1.8,1.8,1.8,1.8,1.8,1.8
15.752777777777778,1.8,1.8,1.8,1.8,1.8,1.8,1.8,1.8,1.8,1.8
15.769444444444444,1.8,1.8,1.8,1.8,1.8,1.8,1.8,1.8,1.8,1.8
15.786111111111111,1.8,1.8,1.8,1.8,1.8,1.8,1.8,1.8,1.8,1.8
15.802777777777777,1.8,1.8,1.8,1.8,1.8,1.8,1.8,1.8,1.8,1.8
15.819444444444445,1.8,1.8,1.8,1.8,1.8,1.8,1.8,1.8,1.8,1.8
15.83611111111111,1.8,1.8,1.8,1.8,1.8,1.8,1.8,1.8,1.8,1.8
15.852777777777778,1.8,1.8,1.8,1.8,1.8,1.8,1.8,1.8,1.8,1.8
15.869444444444444,1.8,1.8,1.8,1.8,1.8,1.8,1.8,1.8,1.8,1.8
15.886111111111111,1.8,1.8,1.8,1.8,1.8,1.8,1.8,1.8,1.8,1.8
15.902777777777779,1.8,1.8,1.8,1.8,1.8,1.8,1.8,1.8,1.8,1.8
15.919444444444444,1.8,1.8,1.8,1.8,1.8,1.8,1.8,1.8,1.8,1.8
15.936111111111112,1.8,1.8,1.8,1.8,1.8,1.8,1.8,1.8,1.8,1.8
15.952777777777778,1.8,1.8,1.8,1.8,1.8,1.8,1.8,1.8,1.8,1.8
15.969444444444445,1.8,1.8,1.8,1.8,1.8,1.8,1.8,1.8,1.8,1.8
15.98611111111111,1.8,1.8,1.8,1.8,1.8,1.8,1.8,1.8,1.8,1.8
16.002777777777776,1.8,1.8,1.8,1.8,1.8,1.8,1.8,1.8,1.8,1.8
16.019444444444446,1.8,1.8,1.8,1.8,1.8,1.8,1.8,1.8,1.8,1.8
16.03611111111111,1.8,1.8,1.8,1.8,1.8,1.8,1.8,1.8,1.8,1.8
16.052777777777777,1.8,1.8,1.8,1.8,1.8,1.8,1.8,1.8,1.8,1.8
16.069444444444443,1.8,1.8,1.8,1.8,1.8,1.8,1.8,1.8,1.8,1.8
16.086111111111112,1.8,1.8,1.8,1.8,1.8,1.8,1.8,1.8,1.8,1.8
16.102777777777778,1.8,1.8,1.8,1.8,1.8,1.8,1.8,1.8,1.8,1.8
16.119444444444444,1.8,1.8,1.8,1.8,1.8,1.8,1.8,1.8,1.8,1.8
16.136111111111113,1.8,1.8,1.8,1.8,1.8,1.8,1.8,1.8,1.8,1.8
16.15277777777778,1.8,1.8,1.8,1.8,1.8,1.8,1.8,1.8,1.8,1.8
16.169444444444444,1.8,1.8,1.8,1.8,1.8,1.8,1.8,1.8,1.8,1.8
16.18611111111111,1.8,1.8,1.8,1.8,1.8,1.8,1.8,1.8,1.8,1.8
16.20277777777778,1.8,1.8,1.8,1.8,1.8,1.8,1.8,1.8,1.8,1.8
16.219444444444445,1.8,1.8,1.8,1.8,1.8,1.8,1.8,1.8,1.8,1.8
16.23611111111111,1.8,1.8,1.8,1.8,1.8,1.8,1.8,1.8,1.8,1.8
16.252777777777776,1.8,1.8,1.8,1.8,1.8,1.8,1.8,1.8,1.8,1.8
16.269444444444446,1.8,1.8,1.8,1.8,1.8,1.8,1.8,1.8,1.8,1.8
16.28611111111111,1.8,1.8,1.8,1.8,1.8,1.8,1.8,1.8,1.8,1.8
16.302777777777777,1.8,1.8,1.8,1.8,1.8,1.8,1.8,1.8,1.8,1.8
16.319444444444443,1.8,1.8,1.8,1.8,1.8,1.8,1.8,1.8,1.8,1.8
16.336111111111112,1.8,1.8,1.8,1.8,1.8,1.8,1.8,1.8,1.8,1.8
16.352777777777778,1.8,1.8,1.8,1.8,1.8,1.8,1.8,1.8,1.8,1.8
16.369444444444444,1.8,1.8,1.8,1.8,1.8,1.8,1.8,1.8,1.8,1.8
16.386111111111113,1.8,1.8,1.8,1.8,1.8,1.8,1.8,1.8,1.8,1.8
16.40277777777778,1.8,1.8,1.8,1.8,1.8,1.8,1.8,1.8,1.8,1.8
16.419444444444444,1.8,1.8,1.8,1.8,1.8,1.8,1.8,1.8,1.8,1.8
16.43611111111111,1.8,1.8,1.8,1.8,1.8,1.8,1.8,1.8,1.8,1.8
16.45277777777778,1.8,1.8,1.8,1.8,1.8,1.8,1.8,1.8,1.8,1.8
16.469444444444445,1.8,1.8,1.8,1.8,1.8,1.8,1.8,1.8,1.8,1.8
16.48611111111111,1.8,1.8,1.8,1.8,1.8,1.8,1.8,1.8,1.8,1.8
16.502777777777776,1.8,1.8,1.8,1.8,1.8,1.8,1.8,1.8,1.8,1.8
16.519444444444446,1.8,1.8,1.8,1.8,1.8,1.8,1.8,1.8,1.8,1.8
16.53611111111111,1.8,1.8,1.8,1.8,1.8,1.8,1.8,1.8,1.8,1.8
16.552777777777777,1.8,1.8,1.8,1.8,1.8,1.8,1.8,1.8,1.8,1.8
16.569444444444443,1.8,1.8,1.8,1.8,1.8,1.8,1.8,1.8,1.8,1.8
16.586111111111112,1.8,1.8,1.8,1.8,1.8,1.8,1.8,1.8,1.8,1.8
16.602777777777778,1.8,1.8,1.8,1.8,1.8,1.8,1.8,1.8,1.8,1.8
16.619444444444444,1.8,1.8,1.8,1.8,1.8,1.8,1.8,1.8,1.8,1.8
16.636111111111113,1.8,1.8,1.8,1.8,1.8,1.8,1.8,1.8,1.8,1.8
16.65277777777778,1.8,1.8,1.8,1.8,1.8,1.8,1.8,1.8,1.8,1.8
16.669444444444444,1.8,1.8,1.8,1.8,1.8,1.8,1.8,1.8,1.8,1.8
16.68611111111111,1.8,1.8,1.8,1.8,1.8,1.8,1.8,1.8,1.8,1.8
16.70277777777778,1.8,1.8,1.8,1.8,1.8,1.8,1.8,1.8,1.8,1.8
16.719444444444445,1.8,1.8,1.8,1.8,1.8,1.8,1.8,1.8,1.8,1.8
16.73611111111111,1.8,1.8,1.8,1.8,1.8,1.8,1.8,1.8,1.8,1.8
16.752777777777776,1.8,1.8,1.8,1.8,1.8,1.8,1.8,1.8,1.8,1.8
16.769444444444446,1.8,1.8,1.8,1.8,1.8,1.8,1.8,1.8,1.8,1.8
16.78611111111111,1.8,1.8,1.8,1.8,1.8,1.8,1.8,1.8,1.8,1.8
16.802777777777777,1.8,1.8,1.8,1.8,1.8,1.8,1.8,1.8,1.8,1.8
16.819444444444443,1.8,1.8,1.8,1.8,1.8,1.8,1.8,1.8,1.8,1.8
16.836111111111112,1.8,1.8,1.8,1.8,1.8,1.8,1.8,1.8,1.8,1.8
16.852777777777778,1.8,1.8,1.8,1.8,1.8,1.8,1.8,1.8,1.8,1.8
16.869444444444444,1.8,1.8,1.8,1.8,1.8,1.8,1.8,1.8,1.8,1.8
16.886111111111113,1.8,1.8,1.8,1.8,1.8,1.8,1.8,1.8,1.8,1.8
16.90277777777778,1.8,1.8,1.8,1.8,1.8,1.8,1.8,1.8,1.8,1.8
16.919444444444444,1.8,1.8,1.8,1.8,1.8,1.8,1.8,1.8,1.8,1.8
16.93611111111111,1.8,1.8,1.8,1.8,1.8,1.8,1.8,1.8,1.8,1.8
16.95277777777778,1.8,1.8,1.8,1.8,1.8,1.8,1.8,1.8,1.8,1.8
16.969444444444445,1.8,1.8,1.8,1.8,1.8,1.8,1.8,1.8,1.8,1.8
16.98611111111111,1.8,1.8,1.8,1.8,1.8,1.8,1.8,1.8,1.8,1.8
17.002777777777776,1.8,1.8,1.8,1.8,1.8,1.8,1.8,1.8,1.8,1.8
17.019444444444446,1.8,1.8,1.8,1.8,1.8,1.8,1.8,1.8,1.8,1.8
17.03611111111111,1.8,1.8,1.8,1.8,1.8,1.8,1.8,1.8,1.8,1.8
17.052777777777777,1.8,1.8,1.8,1.8,1.8,1.8,1.8,1.8,1.8,1.8
17.069444444444443,1.8,1.8,1.8,1.8,1.8,1.8,1.8,1.8,1.8,1.8
17.086111111111112,1.8,1.8,1.8,1.8,1.8,1.8,1.8,1.8,1.8,1.8
17.102777777777778,1.8,1.8,1.8,1.8,1.8,1.8,1.8,1.8,1.8,1.8
17.119444444444444,1.8,1.8,1.8,1.8,1.8,1.8,1.8,1.8,1.8,1.8
17.136111111111113,1.8,1.8,1.8,1.8,1.8,1.8,1.8,1.8,1.8,1.8
17.15277777777778,1.8,1.8,1.8,1.8,1.8,1.8,1.8,1.8,1.8,1.8
17.169444444444444,1.8,1.8,1.8,1.8,1.8,1.8,1.8,1.8,1.8,1.8
17.18611111111111,1.8,1.8,1.8,1.8,1.8,1.8,1.8,1.8,1.8,1.8
17.20277777777778,1.8,1.8,1.8,1.8,1.8,1.8,1.8,1.8,1.8,1.8
17.219444444444445,1.8,1.8,1.8,1.8,1.8,1.8,1.8,1.8,1.8,1.8
17.23611111111111,1.8,1.8,1.8,1.8,1.8,1.8,1.8,1.8,1.8,1.8
17.252777777777776,1.8,1.8,1.8,1.8,1.8,1.8,1.8,1.8,1.8,1.8
17.269444444444446,1.8,1.8,1.8,1.8,1.8,1.8,1.8,1.8,1.8,1.8
17.28611111111111,1.8,1.8,1.8,1.8,1.8,1.8,1.8,1.8,1.8,1.8
17.302777777777777,1.8,1.8,1.8,1.8,1.8,1.8,1.8,1.8,1.8,1.8
17.319444444444443,1.8,1.8,1.8,1.8,1.8,1.8,1.8,1.8,1.8,1.8
17.336111111111112,1.8,1.8,1.8,1.8,1.8,1.8,1.8,1.8,1.8,1.8
17.352777777777778,1.8,1.8,1.8,1.8,1.8,1.8,1.8,1.8,1.8,1.8
17.369444444444444,1.8,1.8,1.8,1.8,1.8,1.8,1.8,1.8,1.8,1.8
17.386111111111113,1.8,1.8,1.8,1.8,1.8,1.8,1.8,1.8,1.8,1.8
17.40277777777778,1.8,1.8,1.8,1.8,1.8,1.8,1.8,1.8,1.8,1.8
17.419444444444444,1.8,1.8,1.8,1.8,1.8,1.8,1.8,1.8,1.8,1.8
17.43611111111111,1.8,1.8,1.8,1.8,1.8,1.8,1.8,1.8,1.8,1.8
17.45277777777778,1.8,1.8,1.8,1.8,1.8,1.8,1.8,1.8,1.8,1.8
17.469444444444445,1.8,1.8,1.8,1.8,1.8,1.8,1.8,1.8,1.8,1.8
17.48611111111111,1.8,1.8,1.8,1.8,1.8,1.8,1.8,1.8,1.8,1.8
17.502777777777776,1.8,1.8,1.8,1.8,1.8,1.8,1.8,1.8,1.8,1.8
17.519444444444446,1.8,1.8,1.8,1.8,1.8,1.8,1.8,1.8,1.8,1.8
17.53611111111111,1.8,1.8,1.8,1.8,1.8,1.8,1.8,1.8,1.8,1.8
17.552777777777777,1.8,1.8,1.8,1.8,1.8,1.8,1.8,1.8,1.8,1.8
17.569444444444443,1.8,1.8,1.8,1.8,1.8,1.8,1.8,1.8,1.8,1.8
17.586111111111112,1.8,1.8,1.8,1.8,1.8,1.8,1.8,1.8,1.8,1.8
17.602777777777778,1.8,1.8,1.8,1.8,1.8,1.8,1.8,1.8,1.8,1.8
17.619444444444444,1.8,1.8,1.8,1.8,1.8,1.8,1.8,1.8,1.8,1.8
17.636111111111113,1.8,1.8,1.8,1.8,1.8,1.8,1.8,1.8,1.8,1.8
17.65277777777778,1.8,1.8,1.8,1.8,1.8,1.8,1.8,1.8,1.8,1.8
17.669444444444444,1.8,1.8,1.8,1.8,1.8,1.8,1.8,1.8,1.8,1.8
17.68611111111111,1.8,1.8,1.8,1.8,1.8,1.8,1.8,1.8,1.8,1.8
17.70277777777778,1.8,1.8,1.8,1.8,1.8,1.8,1.8,1.8,1.8,1.8
17.719444444444445,1.8,1.8,1.8,1.8,1.8,1.8,1.8,1.8,1.8,1.8
17.73611111111111,1.8,1.8,1.8,1.8,1.8,1.8,1.8,1.8,1.8,1.8
17.752777777777776,1.8,1.8,1.8,1.8,1.8,1.8,1.8,1.8,1.8,1.8
17.769444444444446,1.8,1.8,1.8,1.8,1.8,1.8,1.8,1.8,1.8,1.8
17.78611111111111,1.8,1.8,1.8,1.8,1.8,1.8,1.8,1.8,1.8,1.8
17.802777777777777,1.8,1.8,1.8,1.8,1.8,1.8,1.8,1.8,1.8,1.8
17.819444444444443,1.8,1.8,1.8,1.8,1.8,1.8,1.8,1.8,1.8,1.8
17.836111111111112,1.8,1.8,1.8,1.8,1.8,1.8,1.8,1.8,1.8,7.2
17.852777777777778,1.8,1.8,1.8,1.8,1.8,1.8,1.8,1.8,1.8,7.2
17.869444444444444,1.8,1.8,1.8,1.8,1.8,1.8,1.8,1.8,1.8,7.2
17.886111111111113,1.8,1.8,1.8,1.8,1.8,1.8,1.8,1.8,1.8,7.2
17.90277777777778,1.8,1.8,1.8,1.8,1.8,1.8,1.8,1.8,1.8,7.2
17.919444444444444,1.8,1.8,1.8,1.8,1.8,1.8,1.8,1.8,1.8,7.2
17.93611111111111,1.8,1.8,1.8,1.8,1.8,1.8,1.8,1.8,1.8,7.2
17.95277777777778,1.8,1.8,1.8,1.8,1.8,1.8,1.8,1.8,1.8,7.2
17.969444444444445,1.8,1.8,1.8,1.8,1.8,1.8,1.8,1.8,1.8,7.2
17.98611111111111,1.8,1.8,1.8,1.8,1.8,1.8,1.8,1.8,1.8,7.2
18.002777777777776,1.8,1.8,1.8,1.8,1.8,1.8,1.8,1.8,1.8,7.2
18.019444444444446,1.8,1.8,1.8,1.8,1.8,1.8,1.8,1.8,1.8,7.2
18.03611111111111,1.8,1.8,1.8,1.8,1.8,1.8,1.8,1.8,1.8,7.2
18.052777777777777,1.8,1.8,1.8,1.8,1.8,1.8,1.8,1.8,1.8,7.2
18.069444444444443,1.8,1.8,1.8,1.8,1.8,1.8,1.8,1.8,1.8,7.2
18.086111111111112,1.8,1.8,1.8,1.8,1.8,1.8,1.8,1.8,1.8,7.2
18.102777777777778,1.8,1.8,1.8,1.8,1.8,1.8,1.8,1.8,1.8,7.2
18.119444444444444,1.8,1.8,1.8,1.8,1.8,1.8,1.8,1.8,1.8,7.2
18.136111111111113,1.8,1.8,1.8,1.8,1.8,1.8,1.8,1.8,1.8,7.2
18.15277777777778,1.8,1.8,1.8,1.8,1.8,1.8,1.8,1.8,1.8,7.2
18.169444444444444,1.8,1.8,1.8,1.8,1.8,1.8,1.8,1.8,1.8,7.2
18.18611111111111,1.8,1.8,1.8,1.8,1.8,1.8,1.8,1.8,1.8,7.2
18.20277777777778,1.8,1.8,1.8,1.8,1.8,1.8,1.8,1.8,1.8,7.2
18.219444444444445,1.8,1.8,1.8,1.8,1.8,1.8,1.8,1.8,1.8,7.2
18.23611111111111,1.8,1.8,1.8,1.8,1.8,1.8,1.8,1.8,1.8,7.2
18.252777777777776,1.8,1.8,1.8,1.8,1.8,1.8,1.8,1.8,1.8,7.2
18.269444444444446,1.8,1.8,1.8,1.8,1.8,1.8,1.8,1.8,1.8,7.2
18.28611111111111,1.8,1.8,1.8,1.8,1.8,1.8,1.8,1.8,1.8,7.2
18.302777777777777,1.8,1.8,1.8,1.8,1.8,1.8,1.8,1.8,1.8,7.2
18.319444444444443,1.8,1.8,1.8,1.8,1.8,1.8,1.8,1.8,1.8,7.2
18.336111111111112,1.8,1.8,1.8,1.8,1.8,1.8,1.8,1.8,1.8,7.2
18.352777777777778,1.8,1.8,1.8,1.8,1.8,1.8,1.8,1.8,1.8,7.2
18.369444444444444,1.8,1.8,1.8,1.8,1.8,1.8,1.8,1.8,1.8,7.2
18.386111111111113,1.8,1.8,1.8,1.8,1.8,1.8,1.8,1.8,1.8,7.2
18.40277777777778,1.8,1.8,1.8,1.8,1.8,1.8,1.8,1.8,1.8,7.2
18.419444444444444,1.8,1.8,1.8,1.8,1.8,1.8,1.8,1.8,1.8,7.2
18.43611111111111,1.8,1.8,1.8,1.8,1.8,1.8,1.8,1.8,1.8,7.2
18.45277777777778,1.8,1.8,1.8,1.8,1.8,1.8,1.8,1.8,1.8,7.2
18.469444444444445,1.8,1.8,1.8,1.8,1.8,1.8,1.8,1.8,1.8,7.2
18.48611111111111,1.8,1.8,1.8,1.8,1.8,1.8,1.8,1.8,1.8,7.2
18.502777777777776,1.8,1.8,1.8,1.8,1.8,1.8,1.8,1.8,1.8,7.2
18.519444444444446,1.8,1.8,1.8,1.8,1.8,1.8,1.8,1.8,1.8,7.2
18.53611111111111,1.8,1.8,1.8,1.8,1.8,1.8,1.8,1.8,1.8,7.2
18.552777777777777,1.8,1.8,1.8,1.8,1.8,1.8,1.8,1.8,1.8,7.2
18.569444444444443,1.8,1.8,1.8,1.8,1.8,1.8,1.8,1.8,1.8,7.2
18.586111111111112,1.8,1.8,1.8,1.8,1.8,1.8,1.8,1.8,1.8,7.2
18.602777777777778,1.8,1.8,1.8,1.8,1.8,1.8,1.8,1.8,1.8,7.2
18.619444444444444,1.8,1.8,1.8,1.8,1.8,1.8,1.8,1.8,1.8,7.2
18.636111111111113,1.8,1.8,1.8,1.8,1.8,1.8,1.8,1.8,1.8,7.2
18.65277777777778,1.8,1.8,1.8,1.8,1.8,1.8,1.8,1.8,1.8,7.2
18.669444444444444,1.8,1.8,1.8,1.8,1.8,1.8,1.8,1.8,1.8,7.2
18.68611111111111,1.8,1.8,1.8,1.8,1.8,1.8,1.8,1.8,1.8,7.2
18.70277777777778,1.8,1.8,1.8,1.8,1.8,1.8,1.8,1.8,1.8,7.2
18.719444444444445,1.8,1.8,1.8,1.8,1.8,1.8,1.8,1.8,1.8,7.2
18.73611111111111,1.8,7.2,1.8,1.8,1.8,1.8,1.8,1.8,1.8,7.2
18.752777777777776,1.8,7.2,1.8,1.8,1.8,1.8,1.8,1.8,1.8,7.2
18.769444444444446,1.8,7.2,1.8,1.8,1.8,1.8,1.8,1.8,1.8,7.2
18.78611111111111,1.8,7.2,1.8,1.8,1.8,1.8,1.8,1.8,1.8,7.2
18.802777777777777,1.8,7.2,1.8,1.8,1.8,1.8,1.8,1.8,1.8,7.2
18.819444444444443,1.8,7.2,1.8,1.8,1.8,1.8,1.8,1.8,1.8,7.2
18.836111111111112,1.8,7.2,1.8,1.8,1.8,1.8,1.8,1.8,1.8,7.2
18.852777777777778,1.8,7.2,1.8,1.8,1.8,1.8,1.8,1.8,1.8,7.2
18.869444444444444,1.8,7.2,1.8,7.2,1.8,1.8,1.8,1.8,1.8,7.2
18.886111111111113,1.8,7.2,1.8,7.2,1.8,1.8,1.8,1.8,1.8,7.2
18.90277777777778,1.8,7.2,1.8,7.2,1.8,1.8,1.8,1.8,1.8,7.2
18.919444444444444,1.8,7.2,1.8,7.2,1.8,1.8,1.8,1.8,1.8,7.2
18.93611111111111,1.8,7.2,1.8,7.2,1.8,1.8,1.8,1.8,1.8,7.2
18.95277777777778,1.8,7.2,1.8,7.2,1.8,1.8,1.8,1.8,1.8,7.2
18.969444444444445,1.8,7.2,1.8,7.2,1.8,1.8,1.8,1.8,1.8,7.2
18.98611111111111,1.8,7.2,1.8,7.2,1.8,1.8,1.8,1.8,1.8,7.2
19.002777777777776,1.8,7.2,1.8,7.2,1.8,1.8,1.8,1.8,1.8,7.2
19.019444444444446,1.8,7.2,1.8,7.2,1.8,1.8,1.8,1.8,1.8,7.2
19.03611111111111,1.8,7.2,1.8,7.2,1.8,1.8,1.8,1.8,1.8,7.2
19.052777777777777,1.8,7.2,1.8,7.2,1.8,1.8,1.8,1.8,1.8,7.2
19.069444444444443,1.8,7.2,1.8,7.2,1.8,1.8,1.8,1.8,1.8,7.2
19.086111111111112,1.8,7.2,1.8,7.2,1.8,1.8,1.8,1.8,1.8,7.2
19.102777777777778,1.8,7.2,1.8,7.2,1.8,1.8,1.8,1.8,1.8,7.2
19.119444444444444,1.8,7.2,1.8,7.2,1.8,1.8,1.8,1.8,1.8,7.2
19.136111111111113,1.8,7.2,1.8,7.2,1.8,1.8,1.8,1.8,1.8,7.2
19.15277777777778,1.8,7.2,1.8,7.2,1.8,1.8,1.8,1.8,1.8,7.2
19.169444444444444,1.8,7.2,1.8,7.2,1.8,1.8,1.8,1.8,1.8,7.2
19.18611111111111,1.8,7.2,1.8,7.2,1.8,1.8,1.8,1.8,1.8,7.2
19.20277777777778,1.8,7.2,1.8,7.2,1.8,1.8,1.8,1.8,1.8,7.2
19.219444444444445,1.8,7.2,1.8,7.2,1.8,1.8,1.8,1.8,1.8,7.2
19.23611111111111,1.8,7.2,1.8,7.2,1.8,1.8,1.8,1.8,1.8,7.2
19.252777777777776,1.8,7.2,1.8,7.2,1.8,1.8,1.8,1.8,1.8,7.2
19.269444444444446,1.8,7.2,1.8,7.2,1.8,1.8,1.8,1.8,1.8,7.2
19.28611111111111,1.8,7.2,1.8,7.2,1.8,1.8,1.8,1.8,1.8,7.2
19.302777777777777,1.8,7.2,1.8,7.2,1.8,1.8,1.8,1.8,1.8,7.2
19.319444444444443,1.8,7.2,1.8,7.2,1.8,1.8,1.8,1.8,1.8,7.2
19.336111111111112,1.8,7.2,1.8,7.2,1.8,1.8,1.8,1.8,1.8,7.2
19.352777777777778,1.8,7.2,1.8,7.2,1.8,1.8,1.8,1.8,1.8,7.2
19.369444444444444,1.8,7.2,1.8,7.2,1.8,1.8,1.8,1.8,1.8,7.2
19.386111111111113,1.8,7.2,1.8,7.2,1.8,1.8,1.8,1.8,1.8,7.2
19.40277777777778,1.8,7.2,1.8,7.2,1.8,1.8,1.8,1.8,1.8,7.2
19.419444444444444,1.8,7.2,1.8,7.2,1.8,1.8,1.8,1.8,1.8,7.2
19.43611111111111,1.8,7.2,1.8,7.2,1.8,1.8,1.8,1.8,1.8,7.2
19.45277777777778,1.8,7.2,1.8,7.2,1.8,1.8,1.8,1.8,1.8,7.2
19.469444444444445,1.8,7.2,1.8,7.2,1.8,1.8,1.8,1.8,1.8,7.2
19.48611111111111,1.8,7.2,1.8,7.2,1.8,1.8,1.8,1.8,1.8,7.2
19.502777777777776,1.8,7.2,1.8,7.2,1.8,1.8,1.8,1.8,1.8,7.2
19.519444444444446,1.8,7.2,1.8,7.2,1.8,1.8,1.8,1.8,1.8,7.2
19.53611111111111,1.8,7.2,1.8,7.2,1.8,1.8,1.8,1.8,1.8,7.2
19.552777777777777,1.8,7.2,1.8,7.2,1.8,1.8,1.8,1.8,1.8,7.2
19.569444444444443,1.8,7.2,1.8,7.2,1.8,1.8,1.8,1.8,1.8,7.2
19.586111111111112,1.8,7.2,1.8,7.2,1.8,1.8,1.8,1.8,1.8,7.2
19.602777777777778,1.8,7.2,1.8,7.2,1.8,1.8,1.8,1.8,1.8,7.2
19.619444444444444,1.8,7.2,1.8,7.2,1.8,1.8,1.8,1.8,1.8,7.2
19.636111111111113,1.8,7.2,1.8,7.2,1.8,1.8,1.8,1.8,1.8,7.2
19.65277777777778,1.8,7.2,1.8,7.2,1.8,1.8,1.8,1.8,1.8,7.2
19.669444444444444,1.8,7.2,1.8,7.2,1.8,1.8,1.8,1.8,1.8,7.2
19.68611111111111,1.8,7.2,1.8,7.2,1.8,1.8,1.8,1.8,1.8,7.2
19.70277777777778,1.8,7.2,1.8,7.2,1.8,1.8,1.8,1.8,1.8,7.2
19.719444444444445,1.8,7.2,1.8,7.2,1.8,1.8,1.8,1.8,1.8,7.2
19.73611111111111,1.8,7.2,1.8,7.2,1.8,1.8,1.8,1.8,1.8,7.2
19.752777777777776,1.8,7.2,1.8,7.2,1.8,1.8,1.8,1.8,1.8,7.2
19.769444444444446,1.8,7.2,1.8,7.2,1.8,1.8,1.8,1.8,1.8,7.2
19.78611111111111,1.8,7.2,1.8,7.2,1.8,1.8,1.8,1.8,1.8,7.2
19.802777777777777,1.8,7.2,1.8,7.2,1.8,1.8,1.8,1.8,1.8,7.2
19.819444444444443,1.8,7.2,1.8,7.2,1.8,1.8,1.8,1.8,1.8,7.2
19.836111111111112,1.8,7.2,1.8,7.2,1.8,1.8,1.8,1.8,1.8,7.2
19.852777777777778,1.8,7.2,1.8,7.2,1.8,1.8,1.8,1.8,1.8,7.2
19.869444444444444,1.8,7.2,1.8,7.2,1.8,1.8,1.8,1.8,1.8,7.2
19.886111111111113,1.8,7.2,1.8,7.2,1.8,1.8,1.8,1.8,1.8,7.2
19.90277777777778,1.8,7.2,1.8,7.2,1.8,1.8,1.8,1.8,1.8,7.2
19.919444444444444,1.8,7.2,1.8,7.2,1.8,1.8,1.8,1.8,1.8,7.2
19.93611111111111,1.8,7.2,1.8,7.2,1.8,1.8,1.8,1.8,1.8,7.2
19.95277777777778,1.8,7.2,1.8,7.2,1.8,1.8,1.8,1.8,1.8,7.2
19.969444444444445,1.8,7.2,1.8,7.2,1.8,1.8,1.8,1.8,1.8,7.2
19.98611111111111,1.8,7.2,1.8,7.2,1.8,1.8,1.8,1.8,1.8,7.2
20.002777777777776,1.8,7.2,1.8,7.2,1.8,1.8,1.8,1.8,1.8,7.2
20.019444444444446,1.8,7.2,1.8,7.2,1.8,1.8,1.8,1.8,1.8,7.2
20.03611111111111,1.8,7.2,1.8,7.2,1.8,1.8,1.8,1.8,1.8,7.2
20.052777777777777,1.8,7.2,1.8,7.2,1.8,1.8,1.8,1.8,1.8,7.2
20.069444444444443,1.8,7.2,1.8,7.2,1.8,1.8,1.8,1.8,1.8,7.2
20.086111111111112,1.8,7.2,1.8,7.2,1.8,1.8,1.8,1.8,1.8,7.2
20.102777777777778,1.8,7.2,1.8,7.2,1.8,1.8,1.8,1.8,1.8,7.2
20.119444444444444,1.8,7.2,1.8,7.2,1.8,1.8,1.8,1.8,1.8,7.2
20.136111111111113,1.8,7.2,1.8,7.2,1.8,1.8,1.8,1.8,1.8,7.2
20.15277777777778,1.8,7.2,1.8,7.2,1.8,1.8,1.8,1.8,1.8,7.2
20.169444444444444,1.8,7.2,1.8,7.2,1.8,1.8,1.8,1.8,1.8,7.2
20.18611111111111,1.8,7.2,1.8,7.2,1.8,1.8,1.8,1.8,1.8,7.2
20.20277777777778,1.8,7.2,1.8,7.2,1.8,1.8,1.8,1.8,1.8,7.2
20.219444444444445,1.8,7.2,1.8,7.2,1.8,1.8,1.8,1.8,1.8,7.2
20.23611111111111,1.8,7.2,1.8,7.2,1.8,1.8,1.8,1.8,1.8,7.2
20.252777777777776,1.8,7.2,1.8,7.2,1.8,1.8,1.8,1.8,1.8,7.2
20.269444444444446,1.8,7.2,1.8,7.2,1.8,1.8,1.8,1.8,1.8,7.2
20.28611111111111,1.8,7.2,1.8,7.2,1.8,1.8,1.8,1.8,1.8,7.2
20.302777777777777,1.8,7.2,1.8,7.2,1.8,1.8,1.8,1.8,1.8,7.2
20.319444444444443,1.8,7.2,1.8,7.2,1.8,1.8,1.8,1.8,1.8,7.2
20.336111111111112,1.8,7.2,1.8,7.2,1.8,1.8,1.8,1.8,1.8,7.2
20.352777777777778,1.8,7.2,1.8,7.2,1.8,1.8,1.8,1.8,1.8,7.2
20.369444444444444,1.8,7.2,1.8,7.2,1.8,1.8,1.8,1.8,1.8,7.2
20.386111111111113,1.8,7.2,1.8,7.2,1.8,1.8,1.8,1.8,1.8,7.2
20.40277777777778,1.8,7.2,1.8,7.2,1.8,1.8,1.8,1.8,1.8,7.2
20.419444444444444,1.8,7.2,1.8,7.2,1.8,1.8,1.8,1.8,1.8,7.2
20.43611111111111,1.8,7.2,1.8,7.2,1.8,1.8,1.8,1.8,1.8,7.2
20.45277777777778,1.8,7.2,1.8,7.2,1.8,1.8,1.8,1.8,1.8,7.2
20.469444444444445,1.8,7.2,1.8,7.2,1.8,1.8,1.8,1.8,1.8,7.2
20.48611111111111,1.8,7.2,1.8,7.2,1.8,1.8,1.8,1.8,1.8,7.2
20.502777777777776,1.8,7.2,1.8,7.2,1.8,1.8,1.8,1.8,1.8,7.2
20.519444444444446,1.8,7.2,1.8,7.2,1.8,1.8,1.8,1.8,1.8,7.2
20.53611111111111,1.8,7.2,1.8,7.2,1.8,1.8,1.8,1.8,1.8,7.2
20.552777777777777,1.8,7.2,1.8,7.2,1.8,1.8,1.8,1.8,1.8,7.2
20.569444444444443,1.8,7.2,1.8,7.2,1.8,1.8,1.8,1.8,1.8,7.2
20.586111111111112,1.8,7.2,1.8,7.2,1.8,1.8,1.8,1.8,1.8,7.2
20.602777777777778,1.8,7.2,1.8,7.2,1.8,1.8,1.8,1.8,1.8,7.2
20.619444444444444,1.8,7.2,1.8,7.2,1.8,1.8,1.8,1.8,1.8,7.2
20.636111111111113,1.8,7.2,1.8,7.2,1.8,1.8,1.8,1.8,1.8,7.2
20.65277777777778,1.8,7.2,1.8,7.2,1.8,1.8,1.8,1.8,1.8,7.2
20.669444444444444,1.8,7.2,1.8,7.2,1.8,1.8,1.8,1.8,1.8,7.2
20.68611111111111,1.8,7.2,1.8,7.2,1.8,1.8,1.8,1.8,1.8,7.2
20.70277777777778,1.8,7.2,1.8,7.2,1.8,1.8,1.8,1.8,1.8,7.2
20.719444444444445,1.8,7.2,1.8,7.2,1.8,1.8,1.8,1.8,1.8,7.2
20.73611111111111,1.8,7.2,1.8,7.2,1.8,1.8,1.8,1.8,1.8,7.2
20.752777777777776,1.8,7.2,1.8,7.2,1.8,1.8,1.8,1.8,1.8,7.2
20.769444444444446,1.8,7.2,1.8,7.2,1.8,1.8,1.8,1.8,1.8,7.2
20.78611111111111,1.8,7.2,1.8,7.2,1.8,1.8,1.8,1.8,1.8,7.2
20.802777777777777,1.8,7.2,1.8,7.2,1.8,1.8,1.8,1.8,1.8,7.2
20.819444444444443,1.8,7.2,1.8,7.2,1.8,1.8,1.8,1.8,1.8,7.2
20.836111111111112,1.8,7.2,1.8,7.2,1.8,1.8,1.8,1.8,1.8,7.2
20.852777777777778,1.8,7.2,1.8,7.2,1.8,1.8,1.8,1.8,1.8,7.2
20.869444444444444,1.8,7.2,1.8,7.2,1.8,1.8,1.8,1.8,1.8,7.2
20.886111111111113,1.8,7.2,1.8,7.2,1.8,1.8,1.8,1.8,1.8,7.2
20.90277777777778,1.8,7.2,1.8,7.2,1.8,1.8,1.8,1.8,1.8,7.2
20.919444444444444,1.8,7.2,1.8,7.2,1.8,1.8,1.8,1.8,1.8,7.2
20.93611111111111,1.8,7.2,1.8,7.2,1.8,1.8,1.8,1.8,1.8,7.2
20.95277777777778,1.8,7.2,1.8,7.2,1.8,1.8,1.8,1.8,1.8,7.2
20.969444444444445,1.8,7.2,1.8,7.2,1.8,1.8,1.8,1.8,1.8,7.2
20.98611111111111,1.8,7.2,1.8,7.2,1.8,1.8,1.8,1.8,1.8,7.2
21.002777777777776,1.8,7.2,1.8,7.2,1.8,1.8,1.8,1.8,1.8,7.2
21.019444444444446,1.8,7.2,1.8,7.2,1.8,1.8,1.8,1.8,1.8,7.2
21.03611111111111,1.8,7.2,1.8,7.2,1.8,1.8,1.8,1.8,1.8,7.2
21.052777777777777,1.8,7.2,1.8,7.2,1.8,1.8,1.8,1.8,1.8,7.2
21.069444444444443,1.8,7.2,1.8,7.2,1.8,1.8,1.8,1.8,1.8,7.2
21.086111111111112,1.8,7.2,1.8,7.2,1.8,1.8,1.8,1.8,1.8,7.2
21.102777777777778,1.8,7.2,1.8,7.2,1.8,1.8,1.8,1.8,1.8,7.2
21.119444444444444,1.8,7.2,1.8,7.2,1.8,1.8,1.8,1.8,1.8,7.2
21.136111111111113,1.8,7.2,1.8,7.2,1.8,1.8,1.8,1.8,1.8,7.2
21.15277777777778,1.8,7.2,1.8,7.2,1.8,1.8,1.8,1.8,1.8,7.2
21.169444444444444,1.8,7.2,1.8,7.2,1.8,1.8,1.8,1.8,1.8,7.2
21.18611111111111,1.8,7.2,1.8,7.2,1.8,1.8,1.8,1.8,1.8,7.2
21.20277777777778,1.8,7.2,1.8,7.2,1.8,1.8,1.8,1.8,1.8,7.2
21.219444444444445,1.8,7.2,1.8,7.2,1.8,1.8,1.8,1.8,1.8,7.2
21.23611111111111,1.8,7.2,1.8,7.2,1.8,1.8,1.8,1.8,1.8,7.2
21.252777777777776,1.8,7.2,1.8,7.2,1.8,1.8,1.8,1.8,1.8,7.2
21.269444444444446,1.8,7.2,1.8,7.2,1.8,1.8,1.8,1.8,1.8,7.2
21.28611111111111,1.8,7.2,1.8,7.2,1.8,1.8,1.8,1.8,1.8,7.2
21.302777777777777,1.8,7.2,1.8,7.2,1.8,1.8,1.8,1.8,1.8,7.2
21.319444444444443,1.8,7.2,1.8,7.2,1.8,1.8,1.8,1.8,1.8,7.2
21.336111111111112,1.8,7.2,1.8,7.2,1.8,1.8,1.8,1.8,1.8,7.2
21.352777777777778,1.8,7.2,1.8,7.2,1.8,1.8,1.8,1.8,1.8,7.2
21.369444444444444,1.8,7.2,1.8,7.2,1.8,1.8,1.8,1.8,1.8,7.2
21.386111111111113,1.8,7.2,1.8,7.2,1.8,1.8,1.8,1.8,1.8,7.2
21.40277777777778,1.8,7.2,1.8,7.2,1.8,1.8,1.8,1.8,1.8,7.2
21.419444444444444,1.8,7.2,1.8,7.2,1.8,1.8,1.8,1.8,1.8,7.2
21.43611111111111,1.8,7.2,1.8,7.2,1.8,1.8,1.8,1.8,1.8,7.2
21.45277777777778,1.8,7.2,1.8,7.2,1.8,1.8,1.8,1.8,1.8,7.2
21.469444444444445,1.8,7.2,1.8,7.2,1.8,1.8,1.8,1.8,1.8,7.2
21.48611111111111,1.8,7.2,1.8,7.2,1.8,1.8,1.8,1.8,1.8,7.2
21.502777777777776,1.8,7.2,1.8,7.2,1.8,1.8,1.8,1.8,1.8,7.2
21.519444444444446,1.8,7.2,1.8,7.2,1.8,1.8,1.8,1.8,1.8,7.2
21.53611111111111,1.8,7.2,1.8,7.2,1.8,1.8,1.8,1.8,1.8,7.2
21.552777777777777,1.8,7.2,1.8,7.2,1.8,1.8,1.8,1.8,1.8,7.2
21.569444444444443,1.8,7.2,1.8,7.2,1.8,1.8,1.8,1.8,1.8,7.2
21.586111111111112,1.8,7.2,1.8,7.2,1.8,1.8,1.8,1.8,1.8,7.2
21.602777777777778,1.8,7.2,1.8,7.2,1.8,1.8,1.8,1.8,1.8,7.2
21.619444444444444,1.8,7.2,1.8,7.2,1.8,1.8,1.8,1.8,1.8,7.2
21.636111111111113,1.8,7.2,1.8,7.2,1.8,1.8,1.8,1.8,1.8,7.2
21.65277777777778,1.8,7.2,1.8,7.2,1.8,1.8,1.8,1.8,1.8,7.2
21.669444444444444,1.8,7.2,1.8,7.2,1.8,1.8,1.8,1.8,1.8,7.2
21.68611111111111,1.8,7.2,1.8,7.2,1.8,1.8,1.8,1.8,1.8,7.2
21.70277777777778,1.8,7.2,1.8,7.2,1.8,1.8,1.8,1.8,1.8,7.2
21.719444444444445,1.8,7.2,1.8,7.2,1.8,1.8,1.8,1.8,1.8,7.2
21.73611111111111,1.8,7.2,1.8,7.2,1.8,1.8,1.8,1.8,1.8,7.2
21.752777777777776,1.8,7.2,1.8,7.2,1.8,1.8,1.8,1.8,1.8,7.2
21.769444444444446,1.8,7.2,1.8,7.2,1.8,1.8,1.8,1.8,1.8,7.2
21.78611111111111,1.8,7.2,1.8,7.2,1.8,1.8,1.8,1.8,1.8,7.2
21.802777777777777,1.8,7.2,1.8,7.2,1.8,1.8,1.8,1.8,1.8,7.2
21.819444444444443,1.8,7.2,1.8,7.2,1.8,1.8,1.8,1.8,1.8,7.2
21.836111111111112,1.8,7.2,1.8,7.2,1.8,1.8,1.8,1.8,1.8,7.2
21.852777777777778,1.8,7.2,1.8,7.2,1.8,1.8,1.8,1.8,1.8,7.2
21.869444444444444,1.8,7.2,1.8,7.2,1.8,1.8,1.8,1.8,1.8,7.2
21.886111111111113,1.8,7.2,1.8,7.2,1.8,1.8,1.8,1.8,1.8,7.2
21.90277777777778,1.8,7.2,1.8,7.2,1.8,1.8,1.8,1.8,1.8,7.2
21.919444444444444,1.8,7.2,1.8,7.2,1.8,1.8,1.8,1.8,1.8,7.2
21.93611111111111,1.8,7.2,1.8,7.2,1.8,1.8,1.8,1.8,1.8,7.2
21.95277777777778,1.8,7.2,1.8,7.2,1.8,1.8,1.8,1.8,1.8,7.2
21.969444444444445,1.8,7.2,1.8,7.2,1.8,1.8,1.8,1.8,1.8,7.2
21.98611111111111,1.8,7.2,1.8,7.2,1.8,1.8,1.8,1.8,1.8,7.2
22.002777777777776,1.8,7.2,1.8,7.2,1.8,1.8,1.8,1.8,1.8,7.2
22.019444444444446,1.8,7.2,1.8,7.2,1.8,1.8,1.8,1.8,1.8,7.2
22.03611111111111,1.8,7.2,1.8,7.2,1.8,1.8,1.8,1.8,1.8,7.2
22.052777777777777,1.8,7.2,1.8,7.2,1.8,1.8,1.8,1.8,1.8,7.2
22.069444444444443,1.8,7.2,1.8,7.2,1.8,1.8,1.8,1.8,1.8,7.2
22.086111111111112,1.8,7.2,1.8,7.2,1.8,1.8,1.8,1.8,1.8,7.2
22.102777777777778,1.8,7.2,1.8,7.2,1.8,1.8,1.8,1.8,1.8,7.2
22.119444444444444,1.8,7.2,1.8,7.2,1.8,1.8,1.8,1.8,1.8,7.2
22.136111111111113,1.8,7.2,1.8,7.2,1.8,1.8,1.8,1.8,1.8,7.2
22.15277777777778,1.8,7.2,1.8,7.2,1.8,1.8,1.8,1.8,1.8,7.2
22.169444444444444,1.8,7.2,1.8,7.2,1.8,1.8,1.8,1.8,1.8,7.2
22.18611111111111,1.8,7.2,1.8,7.2,1.8,1.8,1.8,1.8,1.8,7.2
22.20277777777778,1.8,7.2,1.8,7.2,1.8,1.8,1.8,1.8,1.8,7.2
22.219444444444445,1.8,7.2,1.8,7.2,1.8,1.8,1.8,1.8,1.8,7.2
22.23611111111111,1.8,7.2,1.8,7.2,1.8,1.8,1.8,1.8,1.8,7.2
22.252777777777776,1.8,7.2,1.8,7.2,1.8,1.8,1.8,1.8,1.8,7.2
22.269444444444446,1.8,7.2,1.8,7.2,1.8,1.8,1.8,1.8,1.8,7.2
22.28611111111111,1.8,7.2,1.8,7.2,1.8,1.8,1.8,1.8,1.8,7.2
22.302777777777777,1.8,7.2,1.8,7.2,1.8,1.8,1.8,1.8,1.8,7.2
22.319444444444443,1.8,7.2,1.8,7.2,1.8,1.8,1.8,1.8,1.8,7.2
22.336111111111112,1.8,7.2,1.8,7.2,1.8,1.8,1.8,1.8,1.8,7.2
22.352777777777778,1.8,7.2,1.8,7.2,1.8,1.8,1.8,1.8,1.8,7.2
22.369444444444444,1.8,7.2,1.8,7.2,1.8,1.8,1.8,1.8,1.8,7.2
22.386111111111113,1.8,7.2,1.8,7.2,1.8,1.8,1.8,1.8,1.8,7.2
22.40277777777778,1.8,7.2,1.8,7.2,1.8,1.8,1.8,1.8,1.8,7.2
22.419444444444444,1.8,7.2,1.8,7.2,1.8,1.8,1.8,1.8,1.8,7.2
22.43611111111111,1.8,7.2,1.8,7.2,1.8,1.8,1.8,1.8,1.8,7.2
22.45277777777778,1.8,7.2,1.8,7.2,1.8,1.8,1.8,1.8,1.8,7.2
22.469444444444445,1.8,7.2,1.8,7.2,1.8,1.8,1.8,1.8,1.8,7.2
22.48611111111111,1.8,7.2,1.8,7.2,1.8,1.8,1.8,1.8,1.8,7.2
22.502777777777776,1.8,7.2,1.8,7.2,1.8,1.8,1.8,1.8,1.8,7.2
22.519444444444446,1.8,7.2,1.8,7.2,1.8,1.8,1.8,1.8,1.8,7.2
22.53611111111111,1.8,7.2,1.8,7.2,1.8,1.8,1.8,1.8,1.8,7.2
22.552777777777777,1.8,7.2,1.8,7.2,1.8,1.8,1.8,1.8,1.8,7.2
22.569444444444443,1.8,7.2,1.8,7.2,1.8,1.8,1.8,1.8,1.8,7.2
22.586111111111112,1.8,7.2,1.8,7.2,1.8,1.8,1.8,1.8,1.8,7.2
22.602777777777778,1.8,7.2,1.8,7.2,1.8,1.8,1.8,1.8,1.8,7.2
22.619444444444444,1.8,7.2,1.8,7.2,1.8,1.8,1.8,1.8,1.8,7.2
22.636111111111113,1.8,7.2,1.8,7.2,1.8,1.8,1.8,1.8,1.8,7.2
22.65277777777778,1.8,7.2,1.8,7.2,1.8,1.8,1.8,1.8,1.8,7.2
22.669444444444444,1.8,7.2,1.8,7.2,1.8,1.8,1.8,1.8,1.8,7.2
22.68611111111111,1.8,7.2,1.8,7.2,1.8,1.8,1.8,1.8,1.8,7.2
22.70277777777778,1.8,7.2,1.8,7.2,1.8,1.8,1.8,1.8,1.8,7.2
22.719444444444445,1.8,7.2,1.8,7.2,1.8,1.8,1.8,1.8,1.8,7.2
22.73611111111111,1.8,7.2,1.8,7.2,1.8,1.8,1.8,1.8,1.8,7.2
22.752777777777776,1.8,7.2,1.8,7.2,1.8,1.8,1.8,1.8,1.8,7.2
22.769444444444446,1.8,7.2,1.8,7.2,1.8,1.8,1.8,1.8,1.8,7.2
22.78611111111111,1.8,7.2,1.8,7.2,1.8,1.8,1.8,1.8,1.8,7.2
22.802777777777777,1.8,7.2,1.8,7.2,1.8,1.8,1.8,1.8,1.8,7.2
22.819444444444443,1.8,7.2,1.8,7.2,1.8,1.8,1.8,1.8,1.8,7.2
22.836111111111112,1.8,7.2,1.8,7.2,1.8,1.8,1.8,1.8,1.8,7.2
22.852777777777778,1.8,7.2,1.8,7.2,1.8,1.8,1.8,1.8,1.8,7.2
22.869444444444444,1.8,7.2,1.8,7.2,1.8,1.8,1.8,1.8,1.8,7.2
22.886111111111113,1.8,7.2,1.8,7.2,1.8,1.8,1.8,1.8,1.8,7.2
22.90277777777778,1.8,7.2,1.8,7.2,1.8,1.8,1.8,1.8,1.8,7.2
22.919444444444444,1.8,7.2,1.8,7.2,1.8,1.8,1.8,1.8,1.8,7.2
22.93611111111111,1.8,7.2,1.8,7.2,1.8,1.8,1.8,1.8,1.8,7.2
22.95277777777778,1.8,7.2,1.8,7.2,1.8,1.8,1.8,1.8,1.8,7.2
22.969444444444445,1.8,7.2,1.8,7.2,1.8,1.8,1.8,1.8,1.8,7.2
22.98611111111111,1.8,7.2,1.8,7.2,1.8,1.8,1.8,1.8,1.8,7.2
23.002777777777776,1.8,7.2,1.8,7.2,1.8,1.8,1.8,1.8,1.8,7.2
23.019444444444446,1.8,7.2,1.8,7.2,1.8,1.8,1.8,1.8,1.8,7.2
23.03611111111111,1.8,7.2,1.8,7.2,1.8,1.8,1.8,1.8,1.8,7.2
23.052777777777777,1.8,7.2,1.8,7.2,1.8,1.8,1.8,1.8,1.8,7.2
23.069444444444443,1.8,7.2,1.8,7.2,1.8,1.8,1.8,1.8,1.8,7.2
23.086111111111112,1.8,7.2,1.8,7.2,1.8,1.8,1.8,1.8,1.8,7.2
23.102777777777778,1.8,7.2,1.8,7.2,1.8,1.8,1.8,1.8,1.8,7.2
23.119444444444444,1.8,7.2,1.8,7.2,1.8,1.8,7.2,1.8,1.8,7.2
23.136111111111113,1.8,7.2,1.8,7.2,1.8,1.8,7.2,1.8,1.8,7.2
23.15277777777778,1.8,7.2,1.8,7.2,1.8,1.8,7.2,1.8,1.8,7.2
23.169444444444444,1.8,7.2,1.8,7.2,1.8,1.8,7.2,1.8,1.8,7.2
23.18611111111111,1.8,7.2,1.8,7.2,1.8,1.8,7.2,1.8,1.8,7.2
23.20277777777778,1.8,7.2,1.8,7.2,1.8,1.8,7.2,1.8,1.8,7.2
23.219444444444445,1.8,7.2,1.8,7.2,1.8,1.8,7.2,1.8,1.8,7.2
23.23611111111111,1.8,7.2,1.8,7.2,1.8,1.8,7.2,1.8,1.8,7.2
23.252777777777776,1.8,7.2,1.8,7.2,1.8,1.8,7.2,1.8,1.8,7.2
23.269444444444446,1.8,7.2,1.8,7.2,1.8,1.8,7.2,1.8,1.8,7.2
23.28611111111111,1.8,7.2,1.8,7.2,1.8,1.8,7.2,1.8,1.8,7.2
23.302777777777777,1.8,7.2,1.8,7.2,1.8,1.8,7.2,1.8,1.8,7.2
23.319444444444443,1.8,7.2,1.8,7.2,1.8,1.8,7.2,1.8,1.8,7.2
23.336111111111112,1.8,7.2,1.8,7.2,1.8,1.8,7.2,1.8,1.8,7.2
23.352777777777778,1.8,7.2,1.8,7.2,1.8,1.8,7.2,1.8,1.8,7.2
23.369444444444444,1.8,7.2,1.8,7.2,1.8,1.8,7.2,1.8,1.8,7.2
23.386111111111113,1.8,7.2,1.8,7.2,1.8,1.8,7.2,1.8,1.8,7.2
23.40277777777778,1.8,7.2,1.8,7.2,1.8,1.8,7.2,1.8,1.8,7.2
23.419444444444444,1.8,7.2,1.8,7.2,1.8,1.8,7.2,1.8,1.8,7.2
23.43611111111111,1.8,7.2,1.8,7.2,1.8,1.8,7.2,1.8,1.8,7.2
23.45277777777778,1.8,7.2,1.8,7.2,1.8,1.8,7.2,1.8,1.8,7.2
23.469444444444445,1.8,7.2,1.8,7.2,1.8,1.8,7.2,1.8,1.8,7.2
23.48611111111111,1.8,7.2,1.8,7.2,1.8,1.8,7.2,1.8,1.8,7.2
23.502777777777776,1.8,7.2,1.8,7.2,1.8,1.8,7.2,1.8,1.8,7.2
23.519444444444446,1.8,7.2,1.8,7.2,1.8,1.8,7.2,1.8,1.8,7.2
23.53611111111111,1.8,7.2,1.8,7.2,1.8,1.8,7.2,1.8,1.8,7.2
23.552777777777777,1.8,7.2,1.8,7.2,1.8,1.8,7.2,1.8,1.8,7.2
23.569444444444443,1.8,7.2,1.8,7.2,1.8,1.8,7.2,1.8,1.8,7.2
23.586111111111112,1.8,7.2,1.8,7.2,1.8,1.8,7.2,1.8,1.8,7.2
23.602777777777778,1.8,7.2,1.8,7.2,1.8,1.8,7.2,1.8,1.8,7.2
23.619444444444444,1.8,7.2,1.8,7.2,1.8,1.8,7.2,1.8,1.8,7.2
23.636111111111113,1.8,7.2,1.8,50.0,1.8,1.8,7.2,1.8,1.8,7.2
23.65277777777778,1.8,7.2,1.8,50.0,1.8,1.8,7.2,1.8,1.8,7.2
23.669444444444444,1.8,7.2,1.8,50.0,1.8,1.8,7.2,1.8,1.8,7.2
23.68611111111111,1.8,7.2,1.8,50.0,1.8,1.8,7.2,1.8,1.8,7.2
23.70277777777778,1.8,7.2,1.8,50.0,1.8,1.8,7.2,1.8,1.8,7.2
23.719444444444445,1.8,7.2,1.8,50.0,1.8,1.8,7.2,1.8,1.8,7.2
23.73611111111111,1.8,7.2,1.8,50.0,1.8,1.8,7.2,1.8,1.8,7.2
23.752777777777776,1.8,7.2,1.8,50.0,1.8,1.8,7.2,1.8,1.8,7.2
23.769444444444446,1.8,7.2,1.8,50.0,1.8,1.8,7.2,1.8,1.8,7.2
23.78611111111111,1.8,7.2,1.8,50.0,1.8,1.8,7.2,1.8,1.8,7.2
23.802777777777777,1.8,7.2,1.8,50.0,1.8,1.8,7.2,1.8,1.8,7.2
23.819444444444443,1.8,7.2,1.8,50.0,1.8,1.8,7.2,1.8,1.8,7.2
23.836111111111112,1.8,7.2,1.8,50.0,1.8,1.8,7.2,1.8,1.8,7.2
23.852777777777778,1.8,7.2,1.8,50.0,1.8,1.8,7.2,1.8,1.8,7.2
23.869444444444444,1.8,7.2,1.8,50.0,1.8,1.8,7.2,1.8,1.8,7.2
23.886111111111113,1.8,7.2,1.8,50.0,1.8,1.8,7.2,1.8,1.8,7.2
23.90277777777778,1.8,7.2,1.8,50.0,1.8,1.8,7.2,1.8,1.8,7.2
23.919444444444444,1.8,7.2,1.8,50.0,1.8,1.8,7.2,1.8,1.8,7.2
23.93611111111111,1.8,7.2,1.8,50.0,1.8,1.8,7.2,1.8,1.8,7.2
23.95277777777778,1.8,7.2,1.8,50.0,1.8,1.8,7.2,1.8,1.8,7.2
23.969444444444445,1.8,7.2,1.8,50.0,1.8,1.8,7.2,1.8,1.8,7.2
23.98611111111111,1.8,7.2,1.8,50.0,1.8,1.8,7.2,1.8,1.8,7.2
24.002777777777776,1.8,7.2,1.8,50.0,1.8,1.8,7.2,1.8,1.8,7.2
